Nome: CAMPO MAIOR
Codigo Estacao: A376
Latitude: -4.86416666
Longitude: -42.14555555
Altitude: 125
Situacao: Operante
Data Inicial: 2018-11-22
Data Final: 2025-04-01
Periodicidade da Medicao: Diaria

Data Medicao;PRECIPITACAO TOTAL, DIARIO (AUT)(mm);TEMPERATURA MEDIA, DIARIA (AUT)(°C);UMIDADE RELATIVA DO AR, MEDIA DIARIA (AUT)(%);VENTO, VELOCIDADE MEDIA DIARIA (AUT)(m/s);
2018-11-22;null;null;null;null;
2018-11-23;null;null;null;null;
2018-11-24;null;29.7;56.5;.6;
2018-11-25;.4;31.3;51.4;.5;
2018-11-26;0;30.9;49.5;.9;
2018-11-27;0;27.8;66.3;.7;
2018-11-28;null;null;null;null;
2018-11-29;null;null;null;null;
2018-11-30;null;null;null;null;
2018-12-01;null;null;49;null;
2018-12-02;0;29.5;61.6;.6;
2018-12-03;34.2;27.6;73.5;.3;
2018-12-04;34.2;24.9;83.9;.2;
2018-12-05;null;null;null;null;
2018-12-06;null;null;null;null;
2018-12-07;null;null;null;null;
2018-12-08;2.2;26.6;73.5;.1;
2018-12-09;7.6;26.4;77.9;.5;
2018-12-10;27.6;25.9;78.7;.4;
2018-12-11;null;null;null;null;
2018-12-12;null;null;null;null;
2018-12-13;null;null;null;null;
2018-12-14;null;null;null;null;
2018-12-15;null;null;67.9;null;
2018-12-16;35;27.3;72.5;.2;
2018-12-17;1;27.1;71.8;.5;
2018-12-18;13;27.4;70;.8;
2018-12-19;null;null;null;null;
2018-12-20;null;null;null;null;
2018-12-21;null;null;null;null;
2018-12-22;null;null;null;null;
2018-12-23;null;null;73.7;null;
2018-12-24;31;24.2;82.5;.9;
2018-12-25;.6;null;75.5;.2;
2018-12-26;null;null;76.8;null;
2018-12-27;null;null;null;null;
2018-12-28;null;null;null;null;
2018-12-29;null;null;null;null;
2018-12-30;null;null;null;null;
2018-12-31;null;null;null;null;
2019-01-01;null;null;null;null;
2019-01-02;null;null;null;null;
2019-01-03;null;null;null;null;
2019-01-04;null;null;null;null;
2019-01-05;null;null;null;null;
2019-01-06;null;null;null;null;
2019-01-07;null;null;null;null;
2019-01-08;null;null;null;null;
2019-01-09;null;null;null;null;
2019-01-10;null;null;null;null;
2019-01-11;null;null;null;null;
2019-01-12;null;null;null;null;
2019-01-13;null;null;null;null;
2019-01-14;null;null;null;null;
2019-01-15;null;null;null;null;
2019-01-16;null;null;null;null;
2019-01-17;null;null;null;null;
2019-01-18;null;null;null;null;
2019-01-19;null;null;null;null;
2019-01-20;null;null;null;null;
2019-01-21;null;null;null;null;
2019-01-22;null;null;null;null;
2019-01-23;null;null;null;null;
2019-01-24;null;null;null;null;
2019-01-25;null;null;null;null;
2019-01-26;null;null;null;null;
2019-01-27;null;null;null;null;
2019-01-28;null;null;null;null;
2019-01-29;null;null;null;null;
2019-01-30;null;null;null;null;
2019-01-31;null;null;null;null;
2019-02-01;null;null;null;null;
2019-02-02;null;null;null;null;
2019-02-03;null;null;null;null;
2019-02-04;null;null;null;null;
2019-02-05;null;null;null;null;
2019-02-06;null;null;null;null;
2019-02-07;null;null;null;null;
2019-02-08;null;null;null;null;
2019-02-09;null;null;null;null;
2019-02-10;null;null;null;null;
2019-02-11;null;null;null;null;
2019-02-12;null;null;null;null;
2019-02-13;null;null;null;null;
2019-02-14;null;null;null;null;
2019-02-15;null;null;null;null;
2019-02-16;null;null;null;null;
2019-02-17;null;null;null;null;
2019-02-18;null;null;null;null;
2019-02-19;null;null;null;null;
2019-02-20;null;null;null;null;
2019-02-21;null;null;null;null;
2019-02-22;null;null;null;null;
2019-02-23;null;null;null;null;
2019-02-24;null;null;null;null;
2019-02-25;null;null;null;null;
2019-02-26;null;null;null;null;
2019-02-27;null;null;null;null;
2019-02-28;null;null;null;null;
2019-03-01;null;null;null;null;
2019-03-02;null;null;null;null;
2019-03-03;null;null;null;null;
2019-03-04;null;null;null;null;
2019-03-05;null;null;null;null;
2019-03-06;null;null;null;null;
2019-03-07;null;null;null;null;
2019-03-08;null;null;null;null;
2019-03-09;null;null;null;null;
2019-03-10;null;null;null;null;
2019-03-11;null;null;null;null;
2019-03-12;null;null;null;null;
2019-03-13;null;null;null;null;
2019-03-14;null;null;null;null;
2019-03-15;null;null;null;null;
2019-03-16;null;null;null;null;
2019-03-17;null;null;null;null;
2019-03-18;null;null;null;null;
2019-03-19;null;null;null;null;
2019-03-20;null;null;null;null;
2019-03-21;null;null;null;null;
2019-03-22;null;null;null;null;
2019-03-23;null;null;null;null;
2019-03-24;null;null;null;null;
2019-03-25;null;null;77.7;null;
2019-03-26;11.2;27;78.9;.6;
2019-03-27;2.8;26.3;82.1;.9;
2019-03-28;6.2;25.9;81.5;1.2;
2019-03-29;1.2;26.7;80.8;1.3;
2019-03-30;14.8;26.1;84.7;.9;
2019-03-31;25.4;26.1;81;1.6;
2019-04-01;6;25.3;85.2;1.7;
2019-04-02;18.8;26.4;79.2;1.4;
2019-04-03;24.2;26.1;83.4;1.5;
2019-04-04;36.8;26;83;1.4;
2019-04-05;60.8;25.3;84.2;1.4;
2019-04-06;0;25.2;87.4;1;
2019-04-07;33.6;26.5;81.2;1.3;
2019-04-08;0;27.3;80.6;1.2;
2019-04-09;1.6;27;79.4;1.4;
2019-04-10;.2;27.3;75.9;.7;
2019-04-11;2.6;27.1;80.9;1.2;
2019-04-12;19.8;26;83.2;.8;
2019-04-13;10.4;26.4;82.5;1.2;
2019-04-14;0;25.2;86.9;1;
2019-04-15;10;26.3;79.5;1.3;
2019-04-16;18.8;24.6;88;.9;
2019-04-17;2.6;27;80.3;.8;
2019-04-18;.8;27;80;1.3;
2019-04-19;26.2;26.6;81.8;1.2;
2019-04-20;0;26.9;80.3;.8;
2019-04-21;0;27.7;79;1.2;
2019-04-22;.2;27.6;79.8;1.4;
2019-04-23;0;26.9;79.4;1.4;
2019-04-24;0;27;79.8;1.4;
2019-04-25;.2;26.5;83;1.5;
2019-04-26;9.2;25.8;86.4;.8;
2019-04-27;3;26.5;82.9;1;
2019-04-28;2;25.8;85.4;1.1;
2019-04-29;26.4;26.3;82.1;.7;
2019-04-30;3.6;25.8;86.3;.8;
2019-05-01;13.4;26.1;83.7;1.3;
2019-05-02;.8;27;79;1.3;
2019-05-03;0;27.2;75.2;1.8;
2019-05-04;0;26.5;74.1;1.5;
2019-05-05;0;26.8;71.7;1.7;
2019-05-06;0;27.4;73.6;1.4;
2019-05-07;.2;27.8;75.5;1;
2019-05-08;.6;27.4;77.8;1.3;
2019-05-09;.2;28;75.9;1.5;
2019-05-10;.2;27.8;77.6;1.3;
2019-05-11;.2;26.7;78.9;1.4;
2019-05-12;0;27.2;77.3;1.3;
2019-05-13;7.4;27;78.3;.5;
2019-05-14;.6;27.5;74.7;.8;
2019-05-15;2.6;26.6;79.2;1.4;
2019-05-16;7.8;26.5;79.9;.5;
2019-05-17;5.6;25;84.6;1;
2019-05-18;4.8;26.8;80.3;.9;
2019-05-19;.2;27.1;78.6;1.3;
2019-05-20;.2;27.2;78.1;1.2;
2019-05-21;.2;27.4;78.4;1.2;
2019-05-22;11.6;25.3;86.2;1.6;
2019-05-23;18;26.4;79.3;1.1;
2019-05-24;.2;27.2;76.7;.9;
2019-05-25;14.2;27.2;76.4;1.3;
2019-05-26;2.2;27.5;78.1;1.3;
2019-05-27;0;26.9;78.4;1.4;
2019-05-28;.2;27.3;76.2;1.1;
2019-05-29;0;27.1;76.7;1.3;
2019-05-30;0;26.8;76.4;1.6;
2019-05-31;.2;26.7;77.4;1.2;
2019-06-01;.2;27.1;76.8;.9;
2019-06-02;0;26.8;76.3;1.1;
2019-06-03;0;26.7;76.1;.9;
2019-06-04;0;26.7;75.7;.7;
2019-06-05;0;26.5;74.7;1.3;
2019-06-06;0;27;71.8;1.4;
2019-06-07;.4;27.1;70.7;1.9;
2019-06-08;0;27;66.4;2.5;
2019-06-09;0;27.4;70.3;1.2;
2019-06-10;0;27.6;69.6;1.3;
2019-06-11;0;28;65.8;1.8;
2019-06-12;.8;26.9;76.5;1.3;
2019-06-13;.2;27.7;74.8;1.1;
2019-06-14;4.2;27.2;72.3;2.2;
2019-06-15;0;27.7;68;1.8;
2019-06-16;0;26.6;73.8;1.3;
2019-06-17;0;27.3;67.5;1.6;
2019-06-18;0;27.2;73.7;1.4;
2019-06-19;0;26.8;71.8;1.9;
2019-06-20;4.2;26.5;64.5;2;
2019-06-21;0;26;67;1.9;
2019-06-22;0;25.9;60.7;2.3;
2019-06-23;0;27.2;59.2;2.4;
2019-06-24;0;27.5;64.3;1.5;
2019-06-25;0;26.9;65.7;1.4;
2019-06-26;0;26.9;64.8;1.7;
2019-06-27;0;26.8;65.4;1.8;
2019-06-28;0;27.2;65.8;1.9;
2019-06-29;0;27.6;56.7;2.7;
2019-06-30;0;27.3;59.8;2.5;
2019-07-01;0;27.5;61.6;2.1;
2019-07-02;0;27.8;63.1;1.8;
2019-07-03;0;27.8;64.7;1.4;
2019-07-04;0;28;64.4;1.3;
2019-07-05;0;28.4;63.8;1.3;
2019-07-06;0;28.2;65.5;1.3;
2019-07-07;0;26.6;71.8;1.1;
2019-07-08;.8;26.8;71.2;1.8;
2019-07-09;.2;27.9;54.6;2.8;
2019-07-10;6.6;27.3;62.9;1.8;
2019-07-11;.2;26.5;69.2;1.5;
2019-07-12;.2;26.8;72;1.2;
2019-07-13;.8;26.7;69.1;1.9;
2019-07-14;0;27.1;59.6;2.1;
2019-07-15;0;28.1;62.3;1.6;
2019-07-16;0;28.1;61.2;1.4;
2019-07-17;0;28.4;61;1.2;
2019-07-18;0;28.6;55.6;2.1;
2019-07-19;0;26.3;55.4;2.4;
2019-07-20;0;27.8;53;3.1;
2019-07-21;.4;27.1;59;2.5;
2019-07-22;0;28.4;50;2.5;
2019-07-23;0;26.7;57.4;2.3;
2019-07-24;.2;26.9;58.2;2.3;
2019-07-25;0;28.1;51.3;2.4;
2019-07-26;0;28.5;46.2;2.5;
2019-07-27;0;29.2;46.1;1.9;
2019-07-28;0;29;47.7;1.8;
2019-07-29;0;29;50.8;2.3;
2019-07-30;0;28.1;43.6;2;
2019-07-31;0;27.5;55;1.4;
2019-08-01;.2;29;56.8;2;
2019-08-02;0;28.5;55;2.2;
2019-08-03;0;28.8;50.9;2.1;
2019-08-04;0;28.2;58.4;1.8;
2019-08-05;0;28.4;50.4;2.7;
2019-08-06;0;29.1;39.9;3;
2019-08-07;0;28.5;45.3;2.3;
2019-08-08;0;28.3;46.6;2.1;
2019-08-09;0;28.9;44.8;2.8;
2019-08-10;0;28;35.6;2.3;
2019-08-11;0;27.7;48;1.7;
2019-08-12;0;29;49.8;1.2;
2019-08-13;0;29.8;49.1;1.3;
2019-08-14;0;29.1;50.4;1.3;
2019-08-15;0;27.8;57.8;2.4;
2019-08-16;0;28.1;42.7;2.8;
2019-08-17;0;27.9;45.8;2.9;
2019-08-18;0;28.4;47.1;1.9;
2019-08-19;0;29;49.3;1.7;
2019-08-20;.4;28.8;56.3;1.7;
2019-08-21;.8;29.2;57.1;1.5;
2019-08-22;0;28.9;55;1.7;
2019-08-23;0;29.1;53.4;2.1;
2019-08-24;0;28.7;56.4;1.4;
2019-08-25;.2;29.4;50.8;2.2;
2019-08-26;0;29;47;2.1;
2019-08-27;0;29.6;37.3;2.3;
2019-08-28;0;29.6;39.1;2.3;
2019-08-29;0;28.5;44.5;1.9;
2019-08-30;0;29.3;46.9;1.7;
2019-08-31;0;29.6;47.9;2;
2019-09-01;0;29.5;47.8;1.6;
2019-09-02;0;29.5;54;1.7;
2019-09-03;0;30.5;50.7;2.2;
2019-09-04;0;30.4;48.7;1.9;
2019-09-05;0;29.5;53.9;1.9;
2019-09-06;2;29.2;58;2;
2019-09-07;0;29.4;51.3;2;
2019-09-08;0;29.9;45.5;1.9;
2019-09-09;0;29.7;43.1;2.5;
2019-09-10;0;29.9;44;2.3;
2019-09-11;0;29.2;45;1.8;
2019-09-12;0;30.1;46.6;2.2;
2019-09-13;0;30.8;48.7;2.4;
2019-09-14;0;30.2;49.5;1.8;
2019-09-15;.6;30.7;49.5;2.1;
2019-09-16;0;29.8;51.1;2.2;
2019-09-17;0;29.5;50.5;2;
2019-09-18;0;29.6;49;2.3;
2019-09-19;0;30.8;45.2;2.2;
2019-09-20;0;30.5;46;2.2;
2019-09-21;0;30.5;45.6;2;
2019-09-22;0;29.9;53.4;1.3;
2019-09-23;0;29.4;57.1;2.1;
2019-09-24;4.8;27.7;66.8;2;
2019-09-25;4.6;29.4;55.8;1.8;
2019-09-26;0;29.7;52;2.2;
2019-09-27;0;30.9;47.3;2.3;
2019-09-28;0;31;48.7;2.5;
2019-09-29;0;29.9;51.1;2.3;
2019-09-30;0;28.7;58.1;2;
2019-10-01;0;29.6;50.7;2;
2019-10-02;0;30;46.7;2.4;
2019-10-03;0;30.2;48.4;2.4;
2019-10-04;0;30.4;50.1;2.6;
2019-10-05;5.6;29.5;56.9;2.3;
2019-10-06;0;29.2;55.9;1.6;
2019-10-07;0;30.5;49;2.2;
2019-10-08;0;30.9;47.1;2.8;
2019-10-09;0;30.2;46.2;2.1;
2019-10-10;0;30.6;43.2;3;
2019-10-11;0;30.6;45.6;2.3;
2019-10-12;0;31;45.5;2.6;
2019-10-13;0;30.7;44.5;2.4;
2019-10-14;0;30.4;48.1;1.9;
2019-10-15;.2;30.5;52.8;2.1;
2019-10-16;0;30.1;50.1;2.2;
2019-10-17;0;30.6;50.9;1.8;
2019-10-18;0;30.8;45.2;2.2;
2019-10-19;0;30.6;50.7;2.1;
2019-10-20;0;30;55.1;2.9;
2019-10-21;2.8;28.3;65;1.4;
2019-10-22;0;28.3;62.1;1.9;
2019-10-23;2.4;29.3;60.8;1.5;
2019-10-24;.2;30.1;53.9;1.8;
2019-10-25;0;31;50.2;2;
2019-10-26;0;30.9;47.5;2;
2019-10-27;0;30.7;48.3;2.3;
2019-10-28;0;31.2;40.1;2.7;
2019-10-29;0;30.8;47.8;2.1;
2019-10-30;0;30.7;45;2.3;
2019-10-31;0;30;47;2;
2019-11-01;0;30.2;49.8;1.8;
2019-11-02;0;30.4;53.1;2;
2019-11-03;2.8;30.3;56.9;2.1;
2019-11-04;1.4;29.5;58.3;2.2;
2019-11-05;0;30.7;49.5;1.8;
2019-11-06;0;31.1;46.9;2.5;
2019-11-07;0;30.6;50.6;2.1;
2019-11-08;0;31.4;48;2.4;
2019-11-09;0;31.1;47.9;2.3;
2019-11-10;0;31.4;44.4;2.3;
2019-11-11;0;31.7;44.1;2.1;
2019-11-12;0;31.3;47.3;2.2;
2019-11-13;0;31.1;47.2;2.3;
2019-11-14;0;31.3;47.6;2;
2019-11-15;0;31.1;47.1;2.2;
2019-11-16;0;30.6;50.9;2.3;
2019-11-17;1.8;29.5;57.1;2.3;
2019-11-18;0;30.1;54.3;1.8;
2019-11-19;.2;29.5;59.7;2.3;
2019-11-20;9.4;29.5;61.7;2;
2019-11-21;0;30.2;55.2;2;
2019-11-22;0;29.3;59.4;2.1;
2019-11-23;0;29.9;53.2;1.8;
2019-11-24;0;30.9;53.3;1.9;
2019-11-25;0;29.7;59.5;1.8;
2019-11-26;0;30.6;52.9;2.2;
2019-11-27;0;31.2;47.5;1.9;
2019-11-28;0;31.4;45.4;1.7;
2019-11-29;0;31.4;46;2.2;
2019-11-30;0;31.5;44.6;2;
2019-12-01;0;31.3;46.4;2.4;
2019-12-02;0;31.8;44.7;1.7;
2019-12-03;0;30.4;52.3;2;
2019-12-04;0;29.1;59.4;2.4;
2019-12-05;.8;29;58.7;1.6;
2019-12-06;0;30.2;50.8;1.9;
2019-12-07;0;30.6;50.6;2.1;
2019-12-08;0;30.5;50.8;2.2;
2019-12-09;0;28.2;61.7;1.9;
2019-12-10;.8;28.5;60.4;1.6;
2019-12-11;0;29.9;53.1;1.9;
2019-12-12;0;29.1;60.2;2.3;
2019-12-13;.2;28.1;68.1;1.7;
2019-12-14;1.4;29.6;62.3;1.8;
2019-12-15;0;30.4;53;1.7;
2019-12-16;0;30.5;54.2;2.5;
2019-12-17;0;30.4;48.9;2.1;
2019-12-18;0;30.8;49.4;2.5;
2019-12-19;0;30.4;49;2.3;
2019-12-20;0;31.7;45;2.8;
2019-12-21;0;32.2;41.1;2.8;
2019-12-22;0;32.2;44;2.2;
2019-12-23;0;31.3;44.9;2.1;
2019-12-24;0;30.8;49.5;1.8;
2019-12-25;0;31;52.8;2;
2019-12-26;0;31.4;48.9;2;
2019-12-27;0;31.8;44.5;1.6;
2019-12-28;0;31.5;45;1.9;
2019-12-29;0;31.2;49.9;2.2;
2019-12-30;0;26.7;75.2;1.8;
2019-12-31;4.2;26.5;73.1;2.1;
2020-01-01;0;27.3;67.6;1.9;
2020-01-02;4.6;25.8;81.1;1;
2020-01-03;2.4;26.1;78;1.5;
2020-01-04;13;25.7;81.6;1.3;
2020-01-05;1.6;26;76.3;1.3;
2020-01-06;.6;27.4;73.3;1.1;
2020-01-07;11.2;26.7;76;1;
2020-01-08;15.2;27.6;72.8;1.7;
2020-01-09;0;25.5;82.2;1.4;
2020-01-10;20.2;26;81.6;1.2;
2020-01-11;5.6;26.9;73.1;1.6;
2020-01-12;0;28.7;66.4;1.3;
2020-01-13;0;28.4;65.9;1.2;
2020-01-14;0;27.9;70.3;1.7;
2020-01-15;0;26.8;75.7;1.4;
2020-01-16;13.4;28.5;69.6;1.4;
2020-01-17;0;28;71.1;1.6;
2020-01-18;0;26.6;74.8;1;
2020-01-19;8.8;24.7;88.3;1;
2020-01-20;29.6;26.4;77.3;1.1;
2020-01-21;0;27.2;72.9;1.7;
2020-01-22;.8;27.6;74.8;1;
2020-01-23;0;26.4;77;1.6;
2020-01-24;14;26.8;76.2;1.2;
2020-01-25;0;29.4;66.7;.8;
2020-01-26;0;28.2;74.4;1.6;
2020-01-27;4.6;26;79.5;1.5;
2020-01-28;1.2;27.1;78.1;1.9;
2020-01-29;.8;27.4;76;.6;
2020-01-30;.4;27.3;76.4;1.2;
2020-01-31;.6;25.4;81.9;1.3;
2020-02-01;null;25.9;80.2;1.4;
2020-02-02;null;26.3;78.8;1.5;
2020-02-03;null;27.1;75.9;1.3;
2020-02-04;null;26.2;81.6;1.1;
2020-02-05;null;24.8;86.7;1.3;
2020-02-06;null;25.3;78.8;1;
2020-02-07;null;26.8;76.3;.5;
2020-02-08;null;26;78.5;.4;
2020-02-09;null;27.7;75.8;.7;
2020-02-10;null;27.6;73.7;1;
2020-02-11;null;27.8;76.4;1;
2020-02-12;null;28.2;72;.8;
2020-02-13;null;26.6;79.8;1.4;
2020-02-14;null;27.1;76.4;1.8;
2020-02-15;null;24.8;84.3;1.5;
2020-02-16;null;25.7;82.8;.8;
2020-02-17;null;27.1;76.9;1;
2020-02-18;null;26.8;79;1.3;
2020-02-19;null;26.1;81.6;1.2;
2020-02-20;null;26.4;80.5;1.4;
2020-02-21;null;26.3;83.1;1.1;
2020-02-22;null;25.5;83;1.1;
2020-02-23;null;26;80.7;.9;
2020-02-24;null;27.4;77.9;1.1;
2020-02-25;null;26.4;85.7;.9;
2020-02-26;null;26.8;80.7;1;
2020-02-27;null;26.8;80.8;1.2;
2020-02-28;null;26.9;80.1;1.4;
2020-02-29;null;26.9;80.3;.6;
2020-03-01;null;26.6;81.6;.9;
2020-03-02;null;26.4;81.4;1.5;
2020-03-03;null;26.6;80.7;.7;
2020-03-04;null;26.2;84.8;1;
2020-03-05;null;26.3;85;.9;
2020-03-06;null;26.6;80.2;.9;
2020-03-07;null;25.9;84.8;1.3;
2020-03-08;null;27.1;79.7;.5;
2020-03-09;null;27.1;81.5;1.3;
2020-03-10;null;25.8;83.5;1.9;
2020-03-11;null;26.9;77.8;1;
2020-03-12;null;27.2;79.7;1.3;
2020-03-13;null;25.3;83.7;1.3;
2020-03-14;null;26;81.8;1.1;
2020-03-15;null;26.3;83;1.6;
2020-03-16;null;25.1;87;1.4;
2020-03-17;null;27.2;78.2;1.2;
2020-03-18;null;27.5;77.7;1;
2020-03-19;null;26.8;82.6;1;
2020-03-20;null;25.2;84.8;.9;
2020-03-21;null;25.5;83.6;1.1;
2020-03-22;null;25.7;83.9;1.6;
2020-03-23;null;27.7;80.7;.9;
2020-03-24;null;26.4;83.5;1.3;
2020-03-25;null;25;87;1;
2020-03-26;null;26.2;82.4;.7;
2020-03-27;null;26.1;84.5;.9;
2020-03-28;null;26.5;83.3;1.4;
2020-03-29;null;27.8;77.7;1.1;
2020-03-30;null;27.1;80.8;1.1;
2020-03-31;null;27.7;76.5;1.7;
2020-04-01;null;27.2;82.6;1.2;
2020-04-02;null;28.1;77.6;1.2;
2020-04-03;null;28.1;77.8;1.5;
2020-04-04;null;27.2;77.3;1.6;
2020-04-05;null;28.1;78.9;1.5;
2020-04-06;null;27.6;80.3;1.4;
2020-04-07;null;28;78.5;1.3;
2020-04-08;null;28.1;78.2;1;
2020-04-09;null;28;75.6;1.1;
2020-04-10;null;28;76;1.1;
2020-04-11;null;27.4;77.1;1;
2020-04-12;null;26.4;82.9;1.1;
2020-04-13;null;25.9;85.3;1.3;
2020-04-14;null;26.5;83;1.3;
2020-04-15;null;26.9;78.4;1.3;
2020-04-16;null;26.8;79.7;1.2;
2020-04-17;null;25.7;86.2;1.1;
2020-04-18;null;25.7;84.5;1.3;
2020-04-19;null;26.9;81.3;1.2;
2020-04-20;null;27.3;79.7;1.4;
2020-04-21;null;25.4;86.5;1.9;
2020-04-22;null;26.6;80.5;1.1;
2020-04-23;null;26.2;82.8;1.3;
2020-04-24;null;25.9;86.5;1.1;
2020-04-25;null;25.7;84.2;1.6;
2020-04-26;null;26.9;79.3;1.4;
2020-04-27;null;26.5;82;1.6;
2020-04-28;null;26.3;83.5;1.7;
2020-04-29;null;27.1;75.9;2.2;
2020-04-30;null;26.7;78.3;1.7;
2020-05-01;null;26.5;82.3;1.5;
2020-05-02;null;27.4;79.7;1.2;
2020-05-03;null;28.1;75.3;1.2;
2020-05-04;null;27.9;75.9;1.9;
2020-05-05;null;27.4;75.4;2;
2020-05-06;null;27.6;74;2.4;
2020-05-07;null;27.1;76.9;1.4;
2020-05-08;null;27.7;75.8;1;
2020-05-09;null;27.2;73.8;1.5;
2020-05-10;null;26.5;74.3;2.3;
2020-05-11;null;26.6;76;1.5;
2020-05-12;null;26.7;75.3;1.9;
2020-05-13;null;27.2;73.9;1.6;
2020-05-14;null;27.4;75.7;1.6;
2020-05-15;null;27.6;78.4;1;
2020-05-16;null;26.1;85;1;
2020-05-17;null;26.5;83.1;1.1;
2020-05-18;null;27.4;79.3;1.3;
2020-05-19;null;27;79.5;1.6;
2020-05-20;null;26.9;79.2;1.6;
2020-05-21;null;27.2;77.4;1.9;
2020-05-22;null;27.1;77.1;1.9;
2020-05-23;null;27.1;76.7;1.4;
2020-05-24;null;27.4;74.1;1.5;
2020-05-25;null;27;76.9;1.2;
2020-05-26;null;27.6;73.8;1.3;
2020-05-27;null;27.7;72.6;1.1;
2020-05-28;null;26.5;77.3;1.5;
2020-05-29;null;26.3;80.4;1.7;
2020-05-30;null;26.6;70.8;2;
2020-05-31;null;26.9;73.4;1.7;
2020-06-01;null;27;74.6;1.8;
2020-06-02;0;27.8;71;1.2;
2020-06-03;0;27.9;70.7;1.6;
2020-06-04;0;27.7;68.5;1.7;
2020-06-05;0;27.4;68.8;2;
2020-06-06;0;26.8;64.8;2.4;
2020-06-07;0;27.5;64.5;1.9;
2020-06-08;0;27.9;69;1.6;
2020-06-09;0;26.8;75.1;1.6;
2020-06-10;0;27;73.1;1.5;
2020-06-11;0;27.4;69.7;2.2;
2020-06-12;0;27.3;64.8;2.1;
2020-06-13;.2;26.8;65;1.9;
2020-06-14;.2;27.6;63.1;2.8;
2020-06-15;0;27;65.7;2.3;
2020-06-16;0;27.6;61.8;2.9;
2020-06-17;0;28;56.9;3;
2020-06-18;0;27.3;56.4;2.6;
2020-06-19;0;27.2;60.9;2.3;
2020-06-20;.4;27.7;61.5;2.9;
2020-06-21;0;27.1;55.8;3.3;
2020-06-22;0;27;53.6;2.5;
2020-06-23;2;27.8;56.3;1.9;
2020-06-24;0;27.6;60;2;
2020-06-25;0;27.6;57.9;1.9;
2020-06-26;.2;28.2;58.8;1.7;
2020-06-27;0;27.9;57;1.7;
2020-06-28;.4;27.8;60.1;1.9;
2020-06-29;0;27.3;60.4;2.2;
2020-06-30;0;27.3;66.4;1.5;
2020-07-01;0;28.3;63.7;1.3;
2020-07-02;0;28;65.7;1.2;
2020-07-03;0;28.1;64.3;1.7;
2020-07-04;0;28.3;56.5;2.3;
2020-07-05;0;28.3;54.1;2.1;
2020-07-06;0;26.5;64.8;1.9;
2020-07-07;0;27.6;58.1;2.3;
2020-07-08;0;26.7;58.6;1.2;
2020-07-09;0;null;69.4;null;
2020-07-10;null;null;null;null;
2020-07-11;null;null;null;null;
2020-07-12;null;null;null;null;
2020-07-13;null;null;null;null;
2020-07-14;null;null;null;null;
2020-07-15;null;null;null;null;
2020-07-16;null;null;null;null;
2020-07-17;null;null;null;null;
2020-07-18;null;null;null;null;
2020-07-19;null;null;null;null;
2020-07-20;null;null;null;null;
2020-07-21;null;null;null;null;
2020-07-22;null;null;null;null;
2020-07-23;null;null;null;null;
2020-07-24;null;null;null;null;
2020-07-25;null;null;null;null;
2020-07-26;null;null;null;null;
2020-07-27;null;null;null;null;
2020-07-28;null;null;null;null;
2020-07-29;null;null;null;null;
2020-07-30;null;null;null;null;
2020-07-31;null;null;null;null;
2020-08-01;null;null;null;null;
2020-08-02;null;null;null;null;
2020-08-03;null;null;null;null;
2020-08-04;null;null;null;null;
2020-08-05;null;null;null;null;
2020-08-06;null;null;null;null;
2020-08-07;null;null;null;null;
2020-08-08;null;null;null;null;
2020-08-09;null;null;null;null;
2020-08-10;null;null;null;null;
2020-08-11;null;null;null;null;
2020-08-12;null;null;null;null;
2020-08-13;null;null;null;null;
2020-08-14;null;null;null;null;
2020-08-15;null;null;null;null;
2020-08-16;null;null;null;null;
2020-08-17;null;null;null;null;
2020-08-18;null;null;null;null;
2020-08-19;null;null;null;null;
2020-08-20;null;null;null;null;
2020-08-21;null;null;null;null;
2020-08-22;null;null;null;null;
2020-08-23;null;null;null;null;
2020-08-24;null;null;null;null;
2020-08-25;null;null;null;null;
2020-08-26;null;null;null;null;
2020-08-27;null;null;null;null;
2020-08-28;null;null;null;null;
2020-08-29;null;null;null;null;
2020-08-30;null;null;null;null;
2020-08-31;null;null;null;null;
2020-09-01;null;null;null;null;
2020-09-02;null;null;null;null;
2020-09-03;null;null;null;null;
2020-09-04;null;null;null;null;
2020-09-05;null;null;null;null;
2020-09-06;null;null;null;null;
2020-09-07;null;null;null;null;
2020-09-08;null;null;null;null;
2020-09-09;null;null;null;null;
2020-09-10;null;null;null;null;
2020-09-11;null;null;null;null;
2020-09-12;null;null;null;null;
2020-09-13;null;null;null;null;
2020-09-14;null;null;null;null;
2020-09-15;null;null;null;null;
2020-09-16;null;null;null;null;
2020-09-17;null;null;null;null;
2020-09-18;null;null;null;null;
2020-09-19;null;null;null;null;
2020-09-20;null;null;null;null;
2020-09-21;null;null;null;null;
2020-09-22;null;null;null;null;
2020-09-23;null;null;null;null;
2020-09-24;null;null;null;null;
2020-09-25;null;null;null;null;
2020-09-26;null;null;null;null;
2020-09-27;null;null;null;null;
2020-09-28;null;null;null;null;
2020-09-29;null;null;null;null;
2020-09-30;null;null;null;null;
2020-10-01;null;null;null;null;
2020-10-02;null;null;null;null;
2020-10-03;null;null;null;null;
2020-10-04;null;null;null;null;
2020-10-05;null;null;null;null;
2020-10-06;null;null;null;null;
2020-10-07;null;null;null;null;
2020-10-08;null;null;null;null;
2020-10-09;null;null;null;null;
2020-10-10;null;null;null;null;
2020-10-11;null;null;null;null;
2020-10-12;null;null;null;null;
2020-10-13;null;null;null;null;
2020-10-14;null;null;null;null;
2020-10-15;null;null;null;null;
2020-10-16;null;null;null;null;
2020-10-17;null;null;null;null;
2020-10-18;null;null;null;null;
2020-10-19;null;null;null;null;
2020-10-20;null;null;null;null;
2020-10-21;null;null;null;null;
2020-10-22;null;null;null;null;
2020-10-23;null;null;null;null;
2020-10-24;null;null;null;null;
2020-10-25;null;null;null;null;
2020-10-26;null;null;null;null;
2020-10-27;null;null;null;null;
2020-10-28;null;null;null;null;
2020-10-29;null;null;null;null;
2020-10-30;null;null;null;null;
2020-10-31;null;null;null;null;
2020-11-01;null;null;null;null;
2020-11-02;null;null;null;null;
2020-11-03;null;null;null;null;
2020-11-04;null;null;null;null;
2020-11-05;null;null;null;null;
2020-11-06;null;null;null;null;
2020-11-07;null;null;null;null;
2020-11-08;null;null;null;null;
2020-11-09;null;null;null;null;
2020-11-10;null;null;null;null;
2020-11-11;null;null;null;null;
2020-11-12;null;null;null;null;
2020-11-13;null;null;null;null;
2020-11-14;null;null;null;null;
2020-11-15;null;null;null;null;
2020-11-16;null;null;null;null;
2020-11-17;null;null;null;null;
2020-11-18;null;null;null;null;
2020-11-19;null;null;null;null;
2020-11-20;null;null;null;null;
2020-11-21;null;null;null;null;
2020-11-22;null;null;null;null;
2020-11-23;null;null;null;null;
2020-11-24;null;null;null;null;
2020-11-25;null;null;null;null;
2020-11-26;null;null;null;null;
2020-11-27;null;null;null;null;
2020-11-28;null;null;null;null;
2020-11-29;null;null;null;null;
2020-11-30;null;null;null;null;
2020-12-01;null;null;null;null;
2020-12-02;null;null;null;null;
2020-12-03;null;null;null;null;
2020-12-04;null;null;null;null;
2020-12-05;null;null;null;null;
2020-12-06;null;null;null;null;
2020-12-07;null;null;null;null;
2020-12-08;null;null;null;null;
2020-12-09;null;null;null;null;
2020-12-10;null;null;null;null;
2020-12-11;null;null;null;null;
2020-12-12;null;null;null;null;
2020-12-13;null;null;null;null;
2020-12-14;null;null;null;null;
2020-12-15;null;null;null;null;
2020-12-16;null;null;null;null;
2020-12-17;null;null;null;null;
2020-12-18;null;null;null;null;
2020-12-19;null;null;null;null;
2020-12-20;null;null;null;null;
2020-12-21;null;null;null;null;
2020-12-22;null;null;null;null;
2020-12-23;null;null;null;null;
2020-12-24;null;null;null;null;
2020-12-25;null;null;null;null;
2020-12-26;null;null;null;null;
2020-12-27;null;null;null;null;
2020-12-28;null;null;null;null;
2020-12-29;null;null;null;null;
2020-12-30;null;null;null;null;
2020-12-31;null;null;null;null;
2021-01-01;null;null;null;null;
2021-01-02;null;null;null;null;
2021-01-03;null;null;null;null;
2021-01-04;null;null;null;null;
2021-01-05;null;null;null;null;
2021-01-06;null;null;null;null;
2021-01-07;null;null;null;null;
2021-01-08;null;null;null;null;
2021-01-09;null;null;null;null;
2021-01-10;null;null;null;null;
2021-01-11;null;null;null;null;
2021-01-12;null;null;null;null;
2021-01-13;null;null;null;null;
2021-01-14;null;null;null;null;
2021-01-15;null;null;null;null;
2021-01-16;null;null;null;null;
2021-01-17;null;null;null;null;
2021-01-18;null;null;null;null;
2021-01-19;null;null;null;null;
2021-01-20;null;null;null;null;
2021-01-21;null;null;null;null;
2021-01-22;null;null;null;null;
2021-01-23;null;null;null;null;
2021-01-24;null;null;null;null;
2021-01-25;null;null;null;null;
2021-01-26;null;null;null;null;
2021-01-27;null;null;null;null;
2021-01-28;null;null;null;null;
2021-01-29;null;null;null;null;
2021-01-30;null;null;null;null;
2021-01-31;null;null;null;null;
2021-02-01;null;null;null;null;
2021-02-02;null;null;null;null;
2021-02-03;null;null;null;null;
2021-02-04;null;null;null;null;
2021-02-05;null;null;null;null;
2021-02-06;null;null;null;null;
2021-02-07;null;null;null;null;
2021-02-08;null;null;null;null;
2021-02-09;null;null;null;null;
2021-02-10;null;null;null;null;
2021-02-11;null;null;null;null;
2021-02-12;null;null;null;null;
2021-02-13;null;null;null;null;
2021-02-14;null;null;null;null;
2021-02-15;null;null;null;null;
2021-02-16;null;null;null;null;
2021-02-17;null;null;null;null;
2021-02-18;null;null;null;null;
2021-02-19;null;null;null;null;
2021-02-20;null;null;null;null;
2021-02-21;null;null;null;null;
2021-02-22;null;null;null;null;
2021-02-23;null;null;null;null;
2021-02-24;null;null;null;null;
2021-02-25;null;null;null;null;
2021-02-26;null;null;null;null;
2021-02-27;null;null;null;null;
2021-02-28;null;null;null;null;
2021-03-01;null;null;null;null;
2021-03-02;null;null;null;null;
2021-03-03;null;null;null;null;
2021-03-04;null;null;null;null;
2021-03-05;null;null;null;null;
2021-03-06;null;null;null;null;
2021-03-07;null;null;null;null;
2021-03-08;null;null;null;null;
2021-03-09;null;null;null;null;
2021-03-10;null;null;null;null;
2021-03-11;null;null;null;null;
2021-03-12;null;null;null;null;
2021-03-13;null;null;null;null;
2021-03-14;null;null;null;null;
2021-03-15;null;null;null;null;
2021-03-16;null;null;null;null;
2021-03-17;null;null;null;null;
2021-03-18;null;null;null;null;
2021-03-19;null;null;null;null;
2021-03-20;null;null;null;null;
2021-03-21;null;null;null;null;
2021-03-22;null;null;null;null;
2021-03-23;null;null;null;null;
2021-03-24;null;null;null;null;
2021-03-25;null;null;null;null;
2021-03-26;null;null;null;null;
2021-03-27;null;null;null;null;
2021-03-28;null;null;null;null;
2021-03-29;null;null;null;null;
2021-03-30;null;null;null;null;
2021-03-31;null;null;null;null;
2021-04-01;null;null;null;null;
2021-04-02;null;null;null;null;
2021-04-03;null;null;null;null;
2021-04-04;null;null;null;null;
2021-04-05;null;null;null;null;
2021-04-06;null;null;null;null;
2021-04-07;null;null;null;null;
2021-04-08;null;null;null;null;
2021-04-09;null;null;null;null;
2021-04-10;null;null;null;null;
2021-04-11;null;null;null;null;
2021-04-12;null;null;null;null;
2021-04-13;null;null;null;null;
2021-04-14;null;null;null;null;
2021-04-15;null;null;null;null;
2021-04-16;null;null;null;null;
2021-04-17;null;null;null;null;
2021-04-18;null;null;null;null;
2021-04-19;null;null;null;null;
2021-04-20;null;null;null;null;
2021-04-21;null;null;null;null;
2021-04-22;null;null;null;null;
2021-04-23;null;null;null;null;
2021-04-24;null;null;null;null;
2021-04-25;null;null;null;null;
2021-04-26;null;null;null;null;
2021-04-27;null;null;null;null;
2021-04-28;null;null;null;null;
2021-04-29;null;null;null;null;
2021-04-30;null;null;null;null;
2021-05-01;null;null;null;null;
2021-05-02;null;null;null;null;
2021-05-03;null;null;null;null;
2021-05-04;null;null;null;null;
2021-05-05;null;null;null;null;
2021-05-06;null;null;null;null;
2021-05-07;null;null;null;null;
2021-05-08;null;null;null;null;
2021-05-09;null;null;null;null;
2021-05-10;null;null;null;null;
2021-05-11;null;null;null;null;
2021-05-12;null;null;null;null;
2021-05-13;null;null;null;null;
2021-05-14;null;null;null;null;
2021-05-15;null;null;null;null;
2021-05-16;null;null;null;null;
2021-05-17;null;null;null;null;
2021-05-18;null;null;null;null;
2021-05-19;null;null;null;null;
2021-05-20;null;null;null;null;
2021-05-21;null;null;null;null;
2021-05-22;null;null;null;null;
2021-05-23;null;null;null;null;
2021-05-24;null;null;null;null;
2021-05-25;null;null;null;null;
2021-05-26;null;null;null;null;
2021-05-27;null;null;null;null;
2021-05-28;null;null;null;null;
2021-05-29;null;null;null;null;
2021-05-30;null;null;null;null;
2021-05-31;null;null;null;null;
2021-06-01;null;null;null;null;
2021-06-02;null;null;null;null;
2021-06-03;null;null;null;null;
2021-06-04;null;null;null;null;
2021-06-05;null;null;null;null;
2021-06-06;null;null;null;null;
2021-06-07;null;null;null;null;
2021-06-08;null;null;null;null;
2021-06-09;null;null;null;null;
2021-06-10;null;null;null;null;
2021-06-11;null;null;null;null;
2021-06-12;null;null;null;null;
2021-06-13;null;null;null;null;
2021-06-14;null;null;null;null;
2021-06-15;null;null;null;null;
2021-06-16;null;null;null;null;
2021-06-17;null;null;null;null;
2021-06-18;null;null;null;null;
2021-06-19;null;null;null;null;
2021-06-20;null;null;null;null;
2021-06-21;null;null;null;null;
2021-06-22;null;null;null;null;
2021-06-23;null;null;null;null;
2021-06-24;null;null;null;null;
2021-06-25;null;null;null;null;
2021-06-26;null;null;null;null;
2021-06-27;null;null;null;null;
2021-06-28;null;null;null;null;
2021-06-29;null;null;null;null;
2021-06-30;null;null;null;null;
2021-07-01;null;null;null;null;
2021-07-02;null;null;null;null;
2021-07-03;null;null;null;null;
2021-07-04;null;null;null;null;
2021-07-05;null;null;null;null;
2021-07-06;null;null;null;null;
2021-07-07;null;null;null;null;
2021-07-08;null;null;null;null;
2021-07-09;null;null;null;null;
2021-07-10;null;null;null;null;
2021-07-11;null;null;null;null;
2021-07-12;null;null;null;null;
2021-07-13;null;null;null;null;
2021-07-14;null;null;null;null;
2021-07-15;null;null;null;null;
2021-07-16;null;null;null;null;
2021-07-17;null;null;null;null;
2021-07-18;null;null;null;null;
2021-07-19;null;null;null;null;
2021-07-20;null;null;null;null;
2021-07-21;null;null;null;null;
2021-07-22;null;null;null;null;
2021-07-23;null;null;null;null;
2021-07-24;null;null;null;null;
2021-07-25;null;null;null;null;
2021-07-26;null;null;null;null;
2021-07-27;null;null;null;null;
2021-07-28;null;null;null;null;
2021-07-29;null;null;null;null;
2021-07-30;null;null;null;null;
2021-07-31;null;null;null;null;
2021-08-01;null;null;null;null;
2021-08-02;null;null;null;null;
2021-08-03;null;null;null;null;
2021-08-04;null;null;null;null;
2021-08-05;null;null;null;null;
2021-08-06;null;null;null;null;
2021-08-07;null;null;null;null;
2021-08-08;null;null;null;null;
2021-08-09;null;null;null;null;
2021-08-10;null;null;null;null;
2021-08-11;null;null;null;null;
2021-08-12;null;null;null;null;
2021-08-13;null;null;null;null;
2021-08-14;null;null;null;null;
2021-08-15;null;null;null;null;
2021-08-16;null;null;null;null;
2021-08-17;null;null;null;null;
2021-08-18;null;null;null;null;
2021-08-19;null;null;null;null;
2021-08-20;null;null;null;null;
2021-08-21;null;null;null;null;
2021-08-22;null;null;null;null;
2021-08-23;null;null;null;null;
2021-08-24;null;null;null;null;
2021-08-25;null;null;null;null;
2021-08-26;null;null;null;null;
2021-08-27;null;null;null;null;
2021-08-28;null;null;null;null;
2021-08-29;null;null;null;null;
2021-08-30;null;null;null;null;
2021-08-31;null;null;null;null;
2021-09-01;null;null;null;null;
2021-09-02;null;null;null;null;
2021-09-03;null;null;null;null;
2021-09-04;null;null;null;null;
2021-09-05;null;null;null;null;
2021-09-06;null;null;null;null;
2021-09-07;null;null;null;null;
2021-09-08;null;null;null;null;
2021-09-09;null;null;null;null;
2021-09-10;null;null;null;null;
2021-09-11;null;null;null;null;
2021-09-12;null;null;null;null;
2021-09-13;null;null;null;null;
2021-09-14;null;null;null;null;
2021-09-15;null;null;null;null;
2021-09-16;null;null;null;null;
2021-09-17;null;null;null;null;
2021-09-18;null;null;null;null;
2021-09-19;null;null;null;null;
2021-09-20;null;null;null;null;
2021-09-21;null;null;null;null;
2021-09-22;null;null;null;null;
2021-09-23;null;null;null;null;
2021-09-24;null;null;null;null;
2021-09-25;null;null;null;null;
2021-09-26;null;null;null;null;
2021-09-27;null;null;null;null;
2021-09-28;null;null;null;null;
2021-09-29;null;null;null;null;
2021-09-30;null;null;null;null;
2021-10-01;null;null;null;null;
2021-10-02;null;null;null;null;
2021-10-03;null;null;null;null;
2021-10-04;null;null;null;null;
2021-10-05;null;null;null;null;
2021-10-06;null;null;null;null;
2021-10-07;null;null;null;null;
2021-10-08;null;null;null;null;
2021-10-09;null;null;null;null;
2021-10-10;null;null;null;null;
2021-10-11;null;null;null;null;
2021-10-12;null;null;null;null;
2021-10-13;null;null;null;null;
2021-10-14;null;null;null;null;
2021-10-15;null;null;null;null;
2021-10-16;null;null;null;null;
2021-10-17;null;null;null;null;
2021-10-18;null;null;null;null;
2021-10-19;null;null;null;null;
2021-10-20;null;null;null;null;
2021-10-21;null;null;null;null;
2021-10-22;null;null;null;null;
2021-10-23;null;null;null;null;
2021-10-24;null;null;null;null;
2021-10-25;null;null;null;null;
2021-10-26;null;null;null;null;
2021-10-27;null;null;null;null;
2021-10-28;null;null;null;null;
2021-10-29;null;null;null;null;
2021-10-30;null;null;null;null;
2021-10-31;null;null;null;null;
2021-11-01;null;null;null;null;
2021-11-02;null;null;null;null;
2021-11-03;null;null;null;null;
2021-11-04;null;null;null;null;
2021-11-05;null;null;null;null;
2021-11-06;null;null;null;null;
2021-11-07;null;null;null;null;
2021-11-08;null;null;null;null;
2021-11-09;null;null;null;null;
2021-11-10;null;null;null;null;
2021-11-11;null;null;null;null;
2021-11-12;null;null;null;null;
2021-11-13;null;null;null;null;
2021-11-14;null;null;null;null;
2021-11-15;null;null;null;null;
2021-11-16;null;null;null;null;
2021-11-17;null;null;null;null;
2021-11-18;null;null;null;null;
2021-11-19;null;null;null;null;
2021-11-20;null;null;null;null;
2021-11-21;null;null;null;null;
2021-11-22;null;null;null;null;
2021-11-23;null;null;null;null;
2021-11-24;null;null;null;null;
2021-11-25;null;null;null;null;
2021-11-26;null;null;null;null;
2021-11-27;null;null;null;null;
2021-11-28;null;null;null;null;
2021-11-29;null;null;null;null;
2021-11-30;null;null;null;null;
2021-12-01;null;null;null;null;
2021-12-02;null;null;null;null;
2021-12-03;null;null;null;null;
2021-12-04;null;null;null;null;
2021-12-05;null;null;null;null;
2021-12-06;null;null;null;null;
2021-12-07;null;null;null;null;
2021-12-08;null;null;null;null;
2021-12-09;null;null;null;null;
2021-12-10;null;null;null;null;
2021-12-11;null;null;null;null;
2021-12-12;null;null;null;null;
2021-12-13;null;null;null;null;
2021-12-14;null;null;null;null;
2021-12-15;null;null;null;null;
2021-12-16;null;null;null;null;
2021-12-17;null;null;null;null;
2021-12-18;null;null;null;null;
2021-12-19;null;null;null;null;
2021-12-20;null;null;null;null;
2021-12-21;null;null;null;null;
2021-12-22;null;null;null;null;
2021-12-23;null;null;null;null;
2021-12-24;null;null;null;null;
2021-12-25;null;null;null;null;
2021-12-26;null;null;null;null;
2021-12-27;null;null;null;null;
2021-12-28;null;null;null;null;
2021-12-29;null;null;null;null;
2021-12-30;null;null;null;null;
2021-12-31;null;null;null;null;
2022-01-01;null;null;null;null;
2022-01-02;null;null;null;null;
2022-01-03;null;null;null;null;
2022-01-04;null;null;null;null;
2022-01-05;null;null;null;null;
2022-01-06;null;null;null;null;
2022-01-07;null;null;null;null;
2022-01-08;null;null;null;null;
2022-01-09;null;null;null;null;
2022-01-10;null;null;null;null;
2022-01-11;null;null;null;null;
2022-01-12;null;null;null;null;
2022-01-13;null;null;null;null;
2022-01-14;null;null;null;null;
2022-01-15;null;null;null;null;
2022-01-16;null;null;null;null;
2022-01-17;null;null;null;null;
2022-01-18;null;null;null;null;
2022-01-19;null;null;null;null;
2022-01-20;null;null;null;null;
2022-01-21;null;null;null;null;
2022-01-22;null;null;null;null;
2022-01-23;null;null;null;null;
2022-01-24;null;null;null;null;
2022-01-25;null;null;null;null;
2022-01-26;null;null;null;null;
2022-01-27;null;null;null;null;
2022-01-28;null;null;null;null;
2022-01-29;null;null;null;null;
2022-01-30;null;null;null;null;
2022-01-31;null;null;null;null;
2022-02-01;null;null;null;null;
2022-02-02;null;null;null;null;
2022-02-03;null;null;null;null;
2022-02-04;null;null;null;null;
2022-02-05;null;null;null;null;
2022-02-06;null;null;null;null;
2022-02-07;null;null;null;null;
2022-02-08;null;null;null;null;
2022-02-09;null;null;null;null;
2022-02-10;null;null;null;null;
2022-02-11;null;null;null;null;
2022-02-12;null;null;null;null;
2022-02-13;null;null;null;null;
2022-02-14;null;null;null;null;
2022-02-15;null;null;null;null;
2022-02-16;null;null;null;null;
2022-02-17;null;null;null;null;
2022-02-18;null;null;null;null;
2022-02-19;null;null;null;null;
2022-02-20;null;null;null;null;
2022-02-21;null;null;null;null;
2022-02-22;null;null;null;null;
2022-02-23;null;null;null;null;
2022-02-24;null;null;null;null;
2022-02-25;null;null;null;null;
2022-02-26;null;null;null;null;
2022-02-27;null;null;null;null;
2022-02-28;null;null;null;null;
2022-03-01;null;null;null;null;
2022-03-02;null;null;null;null;
2022-03-03;null;null;null;null;
2022-03-04;null;null;null;null;
2022-03-05;null;null;null;null;
2022-03-06;null;null;null;null;
2022-03-07;null;null;null;null;
2022-03-08;null;null;null;null;
2022-03-09;null;null;null;null;
2022-03-10;null;null;null;null;
2022-03-11;null;null;null;null;
2022-03-12;null;null;null;null;
2022-03-13;null;null;null;null;
2022-03-14;null;null;null;null;
2022-03-15;null;null;null;null;
2022-03-16;null;null;null;null;
2022-03-17;null;null;null;null;
2022-03-18;null;null;null;null;
2022-03-19;null;null;null;null;
2022-03-20;null;null;null;null;
2022-03-21;null;null;null;null;
2022-03-22;null;null;null;null;
2022-03-23;null;null;null;null;
2022-03-24;null;null;null;null;
2022-03-25;null;null;null;null;
2022-03-26;null;null;null;null;
2022-03-27;null;null;null;null;
2022-03-28;null;null;null;null;
2022-03-29;null;null;null;null;
2022-03-30;null;null;null;null;
2022-03-31;null;null;null;null;
2022-04-01;null;null;null;null;
2022-04-02;null;null;null;null;
2022-04-03;null;null;null;null;
2022-04-04;null;null;null;null;
2022-04-05;null;null;null;null;
2022-04-06;null;null;null;null;
2022-04-07;null;null;null;null;
2022-04-08;null;null;null;null;
2022-04-09;null;null;null;null;
2022-04-10;null;null;null;null;
2022-04-11;null;null;null;null;
2022-04-12;null;null;null;null;
2022-04-13;null;null;null;null;
2022-04-14;null;null;null;null;
2022-04-15;null;null;null;null;
2022-04-16;null;null;null;null;
2022-04-17;null;null;null;null;
2022-04-18;null;null;null;null;
2022-04-19;null;null;null;null;
2022-04-20;null;null;null;null;
2022-04-21;null;null;null;null;
2022-04-22;null;null;null;null;
2022-04-23;null;null;null;null;
2022-04-24;null;null;null;null;
2022-04-25;null;null;null;null;
2022-04-26;null;null;null;null;
2022-04-27;null;null;null;null;
2022-04-28;null;null;null;null;
2022-04-29;null;null;null;null;
2022-04-30;null;null;null;null;
2022-05-01;null;null;null;null;
2022-05-02;null;null;null;null;
2022-05-03;null;null;null;null;
2022-05-04;null;null;null;null;
2022-05-05;null;null;null;null;
2022-05-06;null;null;null;null;
2022-05-07;null;null;null;null;
2022-05-08;null;null;null;null;
2022-05-09;null;null;null;null;
2022-05-10;null;null;null;null;
2022-05-11;null;null;null;null;
2022-05-12;null;null;null;null;
2022-05-13;null;null;null;null;
2022-05-14;null;null;null;null;
2022-05-15;null;null;null;null;
2022-05-16;null;null;null;null;
2022-05-17;null;null;null;null;
2022-05-18;null;null;null;null;
2022-05-19;null;null;null;null;
2022-05-20;null;null;null;null;
2022-05-21;null;null;null;null;
2022-05-22;null;null;null;null;
2022-05-23;null;null;null;null;
2022-05-24;null;null;null;null;
2022-05-25;null;null;null;null;
2022-05-26;null;null;null;null;
2022-05-27;null;null;null;null;
2022-05-28;null;null;null;null;
2022-05-29;null;null;null;null;
2022-05-30;null;null;null;null;
2022-05-31;null;null;null;null;
2022-06-01;null;null;null;null;
2022-06-02;null;null;null;null;
2022-06-03;null;null;null;null;
2022-06-04;null;null;null;null;
2022-06-05;null;null;null;null;
2022-06-06;null;null;null;null;
2022-06-07;null;null;null;null;
2022-06-08;null;null;null;null;
2022-06-09;null;null;null;null;
2022-06-10;null;null;null;null;
2022-06-11;null;null;null;null;
2022-06-12;null;null;null;null;
2022-06-13;null;null;null;null;
2022-06-14;null;null;null;null;
2022-06-15;null;null;null;null;
2022-06-16;null;null;null;null;
2022-06-17;null;null;null;null;
2022-06-18;null;null;null;null;
2022-06-19;null;null;null;null;
2022-06-20;null;null;null;null;
2022-06-21;null;null;null;null;
2022-06-22;null;null;null;null;
2022-06-23;null;null;null;null;
2022-06-24;null;null;null;null;
2022-06-25;null;null;null;null;
2022-06-26;null;null;null;null;
2022-06-27;null;null;null;null;
2022-06-28;null;null;null;null;
2022-06-29;null;null;null;null;
2022-06-30;null;null;null;null;
2022-07-01;null;null;null;null;
2022-07-02;null;null;null;null;
2022-07-03;null;null;null;null;
2022-07-04;null;null;null;null;
2022-07-05;null;null;null;null;
2022-07-06;null;null;null;null;
2022-07-07;null;null;null;null;
2022-07-08;null;null;null;null;
2022-07-09;null;null;null;null;
2022-07-10;null;null;null;null;
2022-07-11;null;null;null;null;
2022-07-12;null;null;null;null;
2022-07-13;null;null;null;null;
2022-07-14;null;null;null;null;
2022-07-15;null;null;null;null;
2022-07-16;null;null;null;null;
2022-07-17;null;null;null;null;
2022-07-18;null;null;null;null;
2022-07-19;null;null;null;null;
2022-07-20;null;null;null;null;
2022-07-21;null;null;null;null;
2022-07-22;null;null;null;null;
2022-07-23;null;null;null;null;
2022-07-24;null;null;null;null;
2022-07-25;null;null;null;null;
2022-07-26;null;null;null;null;
2022-07-27;null;null;null;null;
2022-07-28;null;null;null;null;
2022-07-29;null;null;null;null;
2022-07-30;null;null;null;null;
2022-07-31;null;null;null;null;
2022-08-01;null;null;null;null;
2022-08-02;null;null;null;null;
2022-08-03;null;null;null;null;
2022-08-04;null;27;65.2;2.1;
2022-08-05;0;28;58.2;2.8;
2022-08-06;0;27.9;56.2;2.2;
2022-08-07;0;27.9;52;2.2;
2022-08-08;0;27.7;50.4;2.2;
2022-08-09;0;28.2;49.4;2;
2022-08-10;0;28.3;47.7;1.4;
2022-08-11;0;28.4;54.8;1.5;
2022-08-12;0;28.7;57.5;1.6;
2022-08-13;.2;28.5;58.2;2.2;
2022-08-14;0;28.9;39.8;2.5;
2022-08-15;.2;28.7;37.5;2.7;
2022-08-16;0;27.9;42.2;2.4;
2022-08-17;0;28.2;48.3;2.3;
2022-08-18;0;28.6;51.4;1.7;
2022-08-19;0;29.4;49.1;2;
2022-08-20;0;27.7;47.3;2.2;
2022-08-21;0;28.1;34.5;3.1;
2022-08-22;0;27.5;46.1;2.2;
2022-08-23;0;28.9;52.1;2;
2022-08-24;.6;29.6;52.6;2.1;
2022-08-25;2.4;29.7;45.1;2.7;
2022-08-26;0;28.1;49;2.2;
2022-08-27;0;28.6;38.5;2.6;
2022-08-28;0;28.6;49.9;2.1;
2022-08-29;0;30;40.5;2.1;
2022-08-30;0;29.4;47.5;2.4;
2022-08-31;0;29.9;43.4;2.5;
2022-09-01;0;29.6;35;3.2;
2022-09-02;0;29.2;40;2.8;
2022-09-03;0;28.9;51.5;1.8;
2022-09-04;0;30.4;47.8;2.1;
2022-09-05;0;30.2;46.4;2.4;
2022-09-06;0;29.9;44.5;2.9;
2022-09-07;0;29.7;41.8;2.3;
2022-09-08;0;29.9;42;1.7;
2022-09-09;0;29.5;47.3;2;
2022-09-10;0;29.5;47.3;2.1;
2022-09-11;0;30;47.9;2.1;
2022-09-12;0;30.3;48.2;2.6;
2022-09-13;0;29.5;51.8;1.9;
2022-09-14;0;29.9;51.4;2.1;
2022-09-15;1.2;29;57.9;2.2;
2022-09-16;0;29.8;53;2.3;
2022-09-17;0;30.2;51;2.2;
2022-09-18;0;29.8;51.9;2.5;
2022-09-19;.4;30.1;51.7;2.4;
2022-09-20;0;30.5;48.3;2.1;
2022-09-21;0;29.8;51;2.2;
2022-09-22;0;28.5;59.8;2.3;
2022-09-23;8;29.2;57.4;1.7;
2022-09-24;0;28.1;64.7;2.3;
2022-09-25;7;28.5;60;1.7;
2022-09-26;0;29.6;50;2.1;
2022-09-27;0;29.2;54.4;2.1;
2022-09-28;4.6;29.7;52.3;2.3;
2022-09-29;0;30.2;49.5;2.2;
2022-09-30;0;29.6;54.9;2.3;
2022-10-01;.4;29.8;54.3;2.5;
2022-10-02;0;30.7;48.4;2.1;
2022-10-03;0;30.2;49.3;2.5;
2022-10-04;0;30;50;2.1;
2022-10-05;0;30.3;50.1;2.7;
2022-10-06;0;30.5;48.7;2.5;
2022-10-07;0;30.6;45.9;2.3;
2022-10-08;0;28.7;59.1;1.9;
2022-10-09;1.2;29.5;58.5;2.3;
2022-10-10;0;30.4;51.5;2.7;
2022-10-11;0;30.6;44.6;2.8;
2022-10-12;0;30.3;44.3;2.3;
2022-10-13;0;30.8;45.2;1.8;
2022-10-14;0;31.1;48.3;2.4;
2022-10-15;0;31.5;42.3;2.2;
2022-10-16;0;30.6;49;2.4;
2022-10-17;0;31;44.1;2.8;
2022-10-18;0;30.8;44.6;3.1;
2022-10-19;0;30.9;44.9;2.6;
2022-10-20;0;30.6;48.8;2.2;
2022-10-21;0;30.4;51.5;2.2;
2022-10-22;2.8;30.3;54.9;2.6;
2022-10-23;1.6;29.1;61.1;1.9;
2022-10-24;0;30.6;54.6;2.6;
2022-10-25;0;29.5;57.5;2;
2022-10-26;.8;26.7;73.5;1.7;
2022-10-27;12.8;28.9;59;1.7;
2022-10-28;0;30.1;52.3;2.3;
2022-10-29;0;30.5;49.3;2.2;
2022-10-30;0;30.6;50.5;2.1;
2022-10-31;0;31.3;42.5;1.9;
2022-11-01;0;29.5;54.2;2.2;
2022-11-02;0;28.9;60.2;2.7;
2022-11-03;0;28.8;61.5;1.6;
2022-11-04;1.2;25;78.7;2.1;
2022-11-05;4;27.7;65;1.5;
2022-11-06;.4;26.3;76.2;1.8;
2022-11-07;0;27.1;70;1.3;
2022-11-08;0;28.5;62.3;1.8;
2022-11-09;0;28.8;57.4;1.9;
2022-11-10;0;29.3;55.8;1.8;
2022-11-11;0;29.2;59.3;1.5;
2022-11-12;0;29.1;59.3;1.6;
2022-11-13;0;30.2;55.7;2.3;
2022-11-14;null;null;62.2;2.8;
2022-11-15;9.2;29;59.6;1.7;
2022-11-16;null;null;44.4;null;
2022-11-17;null;null;59.5;1.8;
2022-11-18;null;null;61.7;2.2;
2022-11-19;null;null;57.9;1.9;
2022-11-20;null;null;59.5;1.8;
2022-11-21;0;29.5;55.1;1.7;
2022-11-22;0;29.9;49.9;1.9;
2022-11-23;null;null;null;null;
2022-11-24;null;null;44.5;2.2;
2022-11-25;0;28.3;58.3;1.9;
2022-11-26;0;28.9;60.1;2.1;
2022-11-27;0;28.5;60.5;1.6;
2022-11-28;0;27;61.6;1.8;
2022-11-29;null;null;67.9;1.6;
2022-11-30;8.8;null;65.5;1.4;
2022-12-01;null;null;74.2;1.9;
2022-12-02;null;28;60.5;2.5;
2022-12-03;0;null;37.7;null;
2022-12-04;null;29;57.6;1.8;
2022-12-05;null;null;44.6;2.6;
2022-12-06;null;null;48.3;1.5;
2022-12-07;null;29.9;52.5;1.7;
2022-12-08;null;null;51.3;null;
2022-12-09;null;null;55.7;2;
2022-12-10;null;null;60.2;1.8;
2022-12-11;null;null;55.7;1.8;
2022-12-12;null;null;null;null;
2022-12-13;null;28.4;62.6;1.8;
2022-12-14;0;28.6;63.5;1.7;
2022-12-15;7.8;28.5;62.4;1.6;
2022-12-16;0;null;55.6;2;
2022-12-17;null;null;52.3;1.6;
2022-12-18;null;29.4;57.3;2.1;
2022-12-19;0;null;50.7;1.7;
2022-12-20;null;28.7;61.5;2.2;
2022-12-21;null;null;78.7;1.5;
2022-12-22;null;null;71.9;1.5;
2022-12-23;2.6;27.3;70;1.6;
2022-12-24;null;null;62.2;2.1;
2022-12-25;4.4;28.4;63.2;2;
2022-12-26;null;null;58.7;2.5;
2022-12-27;null;null;60.5;1.9;
2022-12-28;null;27.1;71.5;1.5;
2022-12-29;7.8;null;65.8;1.5;
2022-12-30;null;28.2;66.7;1.8;
2022-12-31;5.6;null;64.3;2.4;
2023-01-01;null;26.9;70.4;1.8;
2023-01-02;0;28.8;61.3;1.7;
2023-01-03;null;null;63.6;1.9;
2023-01-04;0;28.3;67.1;1.9;
2023-01-05;null;null;62.6;1.8;
2023-01-06;null;null;77.3;1.4;
2023-01-07;1.2;27.3;72.1;1.7;
2023-01-08;0;null;58.5;2;
2023-01-09;null;null;65.4;2;
2023-01-10;null;null;60.9;2;
2023-01-11;null;24.9;80.2;2;
2023-01-12;14.4;null;81.2;1.7;
2023-01-13;null;null;70.7;1.7;
2023-01-14;12.4;26;70.7;1.8;
2023-01-15;null;null;77.9;1.4;
2023-01-16;15.8;25.6;73.8;1.4;
2023-01-17;null;null;60.9;1.5;
2023-01-18;12.2;26;73.8;1.3;
2023-01-19;.6;26.4;75.4;1.1;
2023-01-20;41.2;null;83.1;1.2;
2023-01-21;null;null;76;1.5;
2023-01-22;null;25.9;74;1.8;
2023-01-23;1.8;null;62.4;1.8;
2023-01-24;null;null;64.5;1.6;
2023-01-25;null;27.7;68.9;1.9;
2023-01-26;0;26.5;74.8;1.3;
2023-01-27;.4;null;81.4;1.5;
2023-01-28;null;26.7;73;1.3;
2023-01-29;46.8;25.3;67.2;1.7;
2023-01-30;0;28;63.8;1.1;
2023-01-31;null;null;76.1;1.5;
2023-02-01;5.2;25.4;77.8;1.2;
2023-02-02;null;null;79.1;1.4;
2023-02-03;24.8;26.9;66.9;.9;
2023-02-04;null;null;72.3;1.3;
2023-02-05;null;null;79.4;1.1;
2023-02-06;0;27.2;72.4;1.5;
2023-02-07;0;28;69.5;1;
2023-02-08;11;26.6;76.8;1.3;
2023-02-09;15;27.8;69.8;1.6;
2023-02-10;0;27.2;74.3;1.2;
2023-02-11;2.4;25.5;73.9;1;
2023-02-12;30;26.2;71.6;1.2;
2023-02-13;48.8;null;80.6;.9;
2023-02-14;null;25.3;null;1.2;
2023-02-15;.8;null;75.4;2.1;
2023-02-16;null;28.1;74.8;1.3;
2023-02-17;43.6;25;80.1;1.3;
2023-02-18;12.4;25.6;75.5;1.1;
2023-02-19;4;25.6;78.6;.6;
2023-02-20;4.8;25.8;78.2;.9;
2023-02-21;0;27.3;71.1;1.6;
2023-02-22;0;28.4;69.2;1.8;
2023-02-23;0;28.6;66;1.5;
2023-02-24;0;28.6;70.3;1;
2023-02-25;9;27;74.6;1.7;
2023-02-26;.2;27;72.5;1.2;
2023-02-27;4.6;26.7;76;1;
2023-02-28;0;27.3;72.4;1.3;
2023-03-01;0;27.1;71.1;1.6;
2023-03-02;0;28.6;63;1.7;
2023-03-03;null;null;null;null;
2023-03-04;null;null;null;null;
2023-03-05;null;null;null;null;
2023-03-06;null;null;null;null;
2023-03-07;null;null;null;null;
2023-03-08;null;null;null;null;
2023-03-09;null;27.7;75.3;1.4;
2023-03-10;36.4;26.2;72.3;.5;
2023-03-11;0;27.1;75.6;.8;
2023-03-12;37.2;26;76.6;1;
2023-03-13;2.2;25.8;83.7;.9;
2023-03-14;20.8;24.9;84.7;.8;
2023-03-15;4.8;24.9;82.5;.8;
2023-03-16;.2;25.6;82.6;1.1;
2023-03-17;32.4;24.8;78.6;1.7;
2023-03-18;14.2;25.6;71.7;1.2;
2023-03-19;0;26;81.6;.8;
2023-03-20;15.2;24.4;78.7;2;
2023-03-21;2.6;24.7;80.5;1.4;
2023-03-22;5;24.5;85.3;.8;
2023-03-23;.8;26.3;73.6;1.6;
2023-03-24;1.6;25.6;83;1.6;
2023-03-25;1;26.8;72.6;.9;
2023-03-26;.4;26.8;76.5;1.1;
2023-03-27;21;26.2;70.9;1.1;
2023-03-28;4.2;25.3;79.1;1;
2023-03-29;6.8;25.6;83.2;.7;
2023-03-30;1.4;26.4;73.6;.8;
2023-03-31;3.8;25.6;81.1;1;
2023-04-01;5.4;25.5;77.6;1;
2023-04-02;16.4;25.5;73.2;1.4;
2023-04-03;6;25.4;null;1.5;
2023-04-04;28.8;25.8;73.9;1.6;
2023-04-05;39;26.4;74.8;1.1;
2023-04-06;5.8;25.6;83.3;1.4;
2023-04-07;12.2;26.7;69.4;1.4;
2023-04-08;0;26.3;75.9;1.2;
2023-04-09;12;26.6;70.5;1.3;
2023-04-10;.2;27.3;78.3;1.1;
2023-04-11;10.8;26;75.6;1.9;
2023-04-12;0;27.6;76.8;1;
2023-04-13;0;28;73.4;1.2;
2023-04-14;0;26.5;79;1.2;
2023-04-15;0;27.9;73.8;1.2;
2023-04-16;6.8;26.9;76.2;1.2;
2023-04-17;3.8;26;76.3;1.4;
2023-04-18;16.4;26.3;78.4;1.2;
2023-04-19;13.6;27;70.9;.8;
2023-04-20;0;27;80;1.3;
2023-04-21;5.4;27.1;71.3;1.6;
2023-04-22;0;27.3;70.8;1.4;
2023-04-23;0;26.8;71;1;
2023-04-24;0;27.1;71;.9;
2023-04-25;0;28.1;72.3;1.3;
2023-04-26;0;27.4;74;1.9;
2023-04-27;49;25;81.9;1.3;
2023-04-28;.4;26.8;67.7;.8;
2023-04-29;0;26.3;79.7;.7;
2023-04-30;1.8;26.9;71.8;.9;
2023-05-01;1.2;26;81.5;1.2;
2023-05-02;11.2;27.1;72.4;.6;
2023-05-03;0;27.3;72.5;.8;
2023-05-04;0;27.4;75;1;
2023-05-05;.2;27.6;72.1;1.1;
2023-05-06;0;27.3;73.5;1.4;
2023-05-07;0;27.1;71.9;1.2;
2023-05-08;0;27.6;71;.8;
2023-05-09;0;27.9;70.4;.6;
2023-05-10;0;28.6;69.4;.9;
2023-05-11;0;28.4;73.6;.9;
2023-05-12;0;27.7;75.7;.5;
2023-05-13;0;27.8;74.7;1;
2023-05-14;.4;27.8;76;1.1;
2023-05-15;0;28.2;71.1;1.3;
2023-05-16;0;28;76.2;.8;
2023-05-17;41.2;27;71.8;1.1;
2023-05-18;0;28.5;71.1;.9;
2023-05-19;50.2;25.7;79.8;1;
2023-05-20;.4;27;69.6;1;
2023-05-21;.6;27.5;74.1;1.2;
2023-05-22;0;27.4;74;2.2;
2023-05-23;3;27.3;74.6;1.8;
2023-05-24;0;27.6;73.8;1.4;
2023-05-25;0;27.6;71.5;1.5;
2023-05-26;0;27.7;70.8;1;
2023-05-27;0;27.8;71.9;1;
2023-05-28;0;28.5;70.2;1.1;
2023-05-29;0;27.6;71.3;.9;
2023-05-30;0;28;68.6;1.4;
2023-05-31;0;27.9;67.7;1;
2023-06-01;0;28.1;65.6;1.2;
2023-06-02;0;28.1;69.5;.9;
2023-06-03;0;28.1;68.8;1.7;
2023-06-04;0;27.6;66.3;1.7;
2023-06-05;0;27.4;66.5;1.4;
2023-06-06;0;27.9;67.1;.8;
2023-06-07;0;27.7;68.1;1;
2023-06-08;0;27.7;71.1;1.2;
2023-06-09;0;27.9;67.6;.9;
2023-06-10;0;27.4;74.4;1.2;
2023-06-11;0;27.1;71.5;.8;
2023-06-12;0;27.3;67.2;1.5;
2023-06-13;0;27.9;64.5;1.4;
2023-06-14;0;27.5;62.6;1.2;
2023-06-15;0;26.4;68.9;1.4;
2023-06-16;0;26.9;70.3;1.2;
2023-06-17;0;27.4;63.3;.8;
2023-06-18;.8;27.6;70.5;.6;
2023-06-19;0;28.4;69.6;1.3;
2023-06-20;0;27.1;73.5;1.3;
2023-06-21;7.8;27.4;65.5;2.2;
2023-06-22;0;27.4;60.3;1.9;
2023-06-23;0;26.7;58.1;.2;
2023-06-24;0;27;62.2;.1;
2023-06-25;0;27.1;59.6;.9;
2023-06-26;0;27.6;56;.1;
2023-06-27;.6;27;62.2;0;
2023-06-28;0;28.2;56.8;.3;
2023-06-29;0;28.6;56.8;.1;
2023-06-30;0;29.2;58;.1;
2023-07-01;0;28.7;59;.1;
2023-07-02;0;29.2;57.5;0;
2023-07-03;.8;28.8;62.5;.1;
2023-07-04;0;29.1;59.1;0;
2023-07-05;0;27.9;49.1;.6;
2023-07-06;0;26.9;57.6;.2;
2023-07-07;10;26.4;69.1;0;
2023-07-08;0;27.3;68.9;.1;
2023-07-09;0;27.9;64.6;0;
2023-07-10;0;28.1;62.5;0;
2023-07-11;0;27.5;64.8;0;
2023-07-12;0;28.8;58.5;0;
2023-07-13;0;28.4;62.9;0;
2023-07-14;0;28.7;62.5;0;
2023-07-15;0;28.8;61.2;0;
2023-07-16;0;28.5;61;0;
2023-07-17;0;28.1;54.6;.1;
2023-07-18;0;28;52;.1;
2023-07-19;0;28.5;53.2;.1;
2023-07-20;0;27.7;44;.9;
2023-07-21;0;28.3;40.5;1.9;
2023-07-22;0;27.6;45.1;.6;
2023-07-23;0;28.6;50;.3;
2023-07-24;0;29.1;49;1.2;
2023-07-25;0;27.9;54.2;.2;
2023-07-26;0;28.8;52.1;.3;
2023-07-27;0;28.7;52.7;.1;
2023-07-28;0;28.8;54.8;.1;
2023-07-29;0;28.8;56.8;.3;
2023-07-30;0;29.7;53.8;0;
2023-07-31;0;30;50.8;.2;
2023-08-01;0;28.4;46.3;.1;
2023-08-02;0;28.5;50.1;.1;
2023-08-03;0;29.2;54.1;.1;
2023-08-04;0;29.8;54.4;.1;
2023-08-05;0;29;58.5;.1;
2023-08-06;0;29.7;51.5;.5;
2023-08-07;0;29.6;53.9;.3;
2023-08-08;0;30;52.5;.3;
2023-08-09;0;28.9;52.9;.6;
2023-08-10;0;29;51.6;.6;
2023-08-11;0;28.9;48.8;.7;
2023-08-12;0;28.8;51.5;.4;
2023-08-13;0;29;49.3;.5;
2023-08-14;0;28.8;47.8;1;
2023-08-15;0;28.6;47.1;1;
2023-08-16;0;29.1;44.1;1;
2023-08-17;0;29.4;36.7;1.4;
2023-08-18;0;29.3;42.6;.6;
2023-08-19;0;29.5;51.4;.4;
2023-08-20;0;30.3;51.8;1.1;
2023-08-21;0;31.1;46.8;1.4;
2023-08-22;0;29.7;54.7;1.2;
2023-08-23;0;29.7;50.8;1.4;
2023-08-24;0;30;49.8;.7;
2023-08-25;0;29.7;55.1;.6;
2023-08-26;0;29.4;57.7;.6;
2023-08-27;0;29.7;56.1;.5;
2023-08-28;0;29;58.5;.3;
2023-08-29;0;29.9;54.2;.9;
2023-08-30;0;30.4;53.2;.6;
2023-08-31;0;29.5;59.5;.7;
2023-09-01;0;30.1;50.7;.7;
2023-09-02;0;29.6;50;1.4;
2023-09-03;0;29.9;48.5;1.5;
2023-09-04;0;29.8;47.9;.7;
2023-09-05;0;30;48.1;.9;
2023-09-06;0;30.7;46.1;.5;
2023-09-07;0;30;47.1;1.1;
2023-09-08;0;30.6;47.2;.9;
2023-09-09;0;31.8;36.5;1.4;
2023-09-10;0;31;46.5;1.4;
2023-09-11;0;30.5;46.7;1.3;
2023-09-12;0;29.7;48.2;1.1;
2023-09-13;0;30.3;45;1.1;
2023-09-14;0;30.6;49.2;.4;
2023-09-15;0;31.4;45.6;.5;
2023-09-16;0;30.4;48.8;1.2;
2023-09-17;0;29.8;50.6;1.3;
2023-09-18;0;30.1;47.2;.6;
2023-09-19;0;30.6;46.7;.9;
2023-09-20;0;31;46.5;.5;
2023-09-21;0;31.6;44.2;1;
2023-09-22;0;31.2;45.6;1;
2023-09-23;0;30.7;47.4;.8;
2023-09-24;0;31.1;45;.9;
2023-09-25;0;31.6;47.5;.6;
2023-09-26;0;29.3;60.5;1.7;
2023-09-27;.6;30.8;50.3;1.1;
2023-09-28;0;30.4;46.9;.6;
2023-09-29;0;31.1;45;.3;
2023-09-30;0;31.1;46;.9;
2023-10-01;0;31.4;49.2;.4;
2023-10-02;0;31.6;43.4;.6;
2023-10-03;0;31;50.5;.7;
2023-10-04;0;31.1;47.3;.9;
2023-10-05;0;31.2;45.2;1.1;
2023-10-06;0;31.2;43.5;.8;
2023-10-07;0;31.5;47.5;1;
2023-10-08;0;31.4;47.2;1;
2023-10-09;0;31;49.3;.6;
2023-10-10;0;30.8;52.9;.2;
2023-10-11;0;30.6;48.6;.8;
2023-10-12;0;31.1;49.3;.7;
2023-10-13;0;30.6;50.2;1.1;
2023-10-14;0;30.7;50.5;.6;
2023-10-15;.2;31.1;49.3;1.5;
2023-10-16;.6;30.5;52.6;.5;
2023-10-17;.8;30.8;50;1;
2023-10-18;0;31.2;44;.8;
2023-10-19;0;30.8;48.3;.8;
2023-10-20;0;30.8;48.5;.9;
2023-10-21;0;32;47.4;1.2;
2023-10-22;0;31.7;48.7;.8;
2023-10-23;0;31.3;48.5;1.3;
2023-10-24;0;30.5;53.1;1.2;
2023-10-25;0;31.2;48.2;1.3;
2023-10-26;0;30.5;45;1.3;
2023-10-27;0;30.8;48.5;.7;
2023-10-28;0;31.7;44;1.6;
2023-10-29;0;31.4;43.8;1.4;
2023-10-30;0;31.2;43.9;.8;
2023-10-31;0;31.1;50.1;.8;
2023-11-01;0;30.1;55;1.5;
2023-11-02;0;30.1;54.5;1.7;
2023-11-03;0;29.2;60.4;1;
2023-11-04;3;30;56.5;1;
2023-11-05;1;30.5;56.5;.8;
2023-11-06;0;29.7;54.7;.5;
2023-11-07;0;30.7;51;1;
2023-11-08;null;null;40.2;null;
2023-11-09;0;31.8;48.8;1.2;
2023-11-10;null;null;38.2;1.8;
2023-11-11;null;null;36.3;1.9;
2023-11-12;null;null;38.5;1.4;
2023-11-13;null;null;42;1.2;
2023-11-14;null;null;43.2;1.6;
2023-11-15;null;null;48.4;.8;
2023-11-16;null;null;47.9;.8;
2023-11-17;null;null;43.9;1.6;
2023-11-18;0;31.3;47.2;1;
2023-11-19;null;null;40.9;null;
2023-11-20;null;null;51.5;1.7;
2023-11-21;null;null;46.2;.8;
2023-11-22;null;null;52.9;1.5;
2023-11-23;null;null;46.8;1.2;
2023-11-24;null;null;45.8;1.2;
2023-11-25;null;null;37.4;null;
2023-11-26;null;null;39.9;null;
2023-11-27;null;null;40.5;null;
2023-11-28;null;null;61.2;null;
2023-11-29;null;null;53.5;null;
2023-11-30;null;null;38.8;null;
2023-12-01;null;null;49.7;null;
2023-12-02;null;null;53;2.5;
2023-12-03;null;null;56.1;null;
2023-12-04;null;null;48.2;null;
2023-12-05;null;null;45.6;.4;
2023-12-06;null;null;44.2;1.7;
2023-12-07;null;null;43.8;1.5;
2023-12-08;null;null;44;.7;
2023-12-09;0;31.8;49.2;1.1;
2023-12-10;null;null;43;null;
2023-12-11;null;null;48.6;.8;
2023-12-12;null;null;36.3;null;
2023-12-13;null;null;41.8;null;
2023-12-14;null;null;42.2;null;
2023-12-15;null;null;41.1;null;
2023-12-16;null;null;47.9;1.5;
2023-12-17;null;null;56.3;1.5;
2023-12-18;null;null;63.5;.4;
2023-12-19;null;null;53.6;null;
2023-12-20;null;null;55.1;null;
2023-12-21;null;null;58.6;null;
2023-12-22;null;null;44.6;null;
2023-12-23;0;31.2;51.1;1;
2023-12-24;null;null;null;null;
2023-12-25;null;null;43.2;null;
2023-12-26;null;null;60.4;null;
2023-12-27;null;null;56.5;null;
2023-12-28;null;null;53.4;null;
2023-12-29;null;null;57.1;null;
2023-12-30;null;null;59.2;null;
2023-12-31;null;null;67.4;1.6;
2024-01-01;null;null;68.1;1.1;
2024-01-02;.2;28.4;64.1;.7;
2024-01-03;null;null;65.8;null;
2024-01-04;0;29.7;63.7;.8;
2024-01-05;null;null;53.6;1.2;
2024-01-06;null;null;52.2;null;
2024-01-07;null;null;67.3;null;
2024-01-08;null;null;61.4;.4;
2024-01-09;null;null;51.1;.5;
2024-01-10;null;null;53.8;null;
2024-01-11;null;null;68.2;null;
2024-01-12;null;null;70.2;null;
2024-01-13;null;null;61.5;null;
2024-01-14;null;null;57.8;null;
2024-01-15;0;29;64.5;.3;
2024-01-16;0;28.7;67.6;.4;
2024-01-17;null;null;54.6;null;
2024-01-18;null;null;55.7;.7;
2024-01-19;null;null;53.6;null;
2024-01-20;null;null;59;null;
2024-01-21;0;29.9;62.3;.1;
2024-01-22;null;null;57.4;null;
2024-01-23;null;null;64.2;.3;
2024-01-24;.2;28.6;67.5;1.4;
2024-01-25;null;null;59.7;1.3;
2024-01-26;null;null;53.1;1.2;
2024-01-27;0;30.1;58.8;1.6;
2024-01-28;null;null;61.4;null;
2024-01-29;null;null;69.1;null;
2024-01-30;0;29.1;69;.4;
2024-01-31;null;null;55;null;
2024-02-01;null;null;62.6;.6;
2024-02-02;null;null;69.6;.1;
2024-02-03;null;null;69.5;0;
2024-02-04;0;28.6;68.6;.8;
2024-02-05;null;null;51.1;null;
2024-02-06;null;null;54.1;1.4;
2024-02-07;0;30;60.1;2;
2024-02-08;null;null;57.3;2.3;
2024-02-09;0;27.6;75.6;1.6;
2024-02-10;null;null;87.7;null;
2024-02-11;null;null;73.6;2;
2024-02-12;0;29.1;64.4;1.1;
2024-02-13;0;27.5;76.4;.3;
2024-02-14;null;null;71.8;2.3;
2024-02-15;null;null;72.5;1;
2024-02-16;null;null;null;null;
2024-02-17;null;null;69.7;1;
2024-02-18;0;28;71.8;.9;
2024-02-19;null;null;null;null;
2024-02-20;0;25.9;76.8;.7;
2024-02-21;null;null;null;null;
2024-02-22;null;null;null;null;
2024-02-23;null;null;null;null;
2024-02-24;null;null;null;null;
2024-02-25;null;null;61;null;
2024-02-26;null;null;null;null;
2024-02-27;null;null;null;null;
2024-02-28;null;null;73.2;null;
2024-02-29;0;26.6;76;.4;
2024-03-01;null;26.7;74.7;.6;
2024-03-02;null;27.7;72.3;.4;
2024-03-03;null;27.5;78.3;.8;
2024-03-04;null;26.7;76.9;1.3;
2024-03-05;null;27.4;69.1;.4;
2024-03-06;null;27.1;72.3;1.3;
2024-03-07;null;27.5;73.4;1.6;
2024-03-08;null;28;72.1;1.4;
2024-03-09;null;27.6;75.2;.8;
2024-03-10;null;27.2;83;.3;
2024-03-11;null;27.2;79.6;.4;
2024-03-12;null;27.6;74.2;.8;
2024-03-13;null;28.3;72.5;.4;
2024-03-14;null;27.1;76.3;.6;
2024-03-15;null;26.6;86.4;.6;
2024-03-16;null;null;65.6;.8;
2024-03-17;null;28.1;75.4;.9;
2024-03-18;null;28;74.8;1.2;
2024-03-19;null;27.8;77.2;.6;
2024-03-20;null;27.1;75.3;.3;
2024-03-21;null;28;74.1;.4;
2024-03-22;null;27.6;75.4;.7;
2024-03-23;null;27.2;77.4;1.3;
2024-03-24;null;26.9;71.9;1.2;
2024-03-25;null;27.1;77.2;.6;
2024-03-26;null;27.1;69.2;.4;
2024-03-27;null;null;75.1;null;
2024-03-28;null;27.6;68.9;.8;
2024-03-29;null;27.6;82;1.2;
2024-03-30;null;null;null;.5;
2024-03-31;null;null;null;null;
2024-04-01;null;null;68.5;null;
2024-04-02;null;null;75.5;null;
2024-04-03;null;null;66.6;null;
2024-04-04;null;null;70.1;.5;
2024-04-05;null;null;74.7;null;
2024-04-06;null;null;79.5;null;
2024-04-07;null;null;75;null;
2024-04-08;null;null;75.3;null;
2024-04-09;null;null;75.8;null;
2024-04-10;null;null;75.9;null;
2024-04-11;null;null;71.3;null;
2024-04-12;null;null;null;null;
2024-04-13;null;null;78.8;null;
2024-04-14;null;null;73.5;null;
2024-04-15;null;null;76.7;null;
2024-04-16;null;null;70.6;null;
2024-04-17;null;null;66.9;null;
2024-04-18;null;null;80.1;null;
2024-04-19;null;null;71.8;null;
2024-04-20;null;null;null;null;
2024-04-21;null;null;65.4;null;
2024-04-22;null;null;78.9;null;
2024-04-23;null;null;72.4;null;
2024-04-24;null;null;67.7;null;
2024-04-25;null;null;72.2;null;
2024-04-26;null;null;73.1;null;
2024-04-27;null;null;null;null;
2024-04-28;null;null;69.7;null;
2024-04-29;null;null;78;null;
2024-04-30;null;null;69.5;null;
2024-05-01;null;null;71.8;null;
2024-05-02;null;null;74.8;null;
2024-05-03;null;null;71.7;null;
2024-05-04;null;null;72.8;null;
2024-05-05;null;null;65.7;null;
2024-05-06;null;null;65.4;null;
2024-05-07;null;null;65.4;null;
2024-05-08;null;null;70.4;null;
2024-05-09;null;null;69.5;null;
2024-05-10;null;null;72.9;null;
2024-05-11;null;null;65.9;null;
2024-05-12;null;null;59.8;null;
2024-05-13;null;null;69.1;.8;
2024-05-14;null;null;64.4;null;
2024-05-15;null;null;67.4;1.1;
2024-05-16;null;null;65.8;null;
2024-05-17;null;null;76.4;null;
2024-05-18;null;null;64.7;null;
2024-05-19;null;null;68;1;
2024-05-20;null;null;65.7;1.1;
2024-05-21;null;null;62;null;
2024-05-22;null;null;62.4;null;
2024-05-23;null;null;62.7;1.9;
2024-05-24;null;null;59.7;1.7;
2024-05-25;null;null;61.4;1.3;
2024-05-26;null;null;81.4;null;
2024-05-27;null;null;57.1;null;
2024-05-28;null;null;65.2;.8;
2024-05-29;null;null;66.8;null;
2024-05-30;null;null;64.1;1.5;
2024-05-31;null;null;65;null;
2024-06-01;null;null;58.8;null;
2024-06-02;null;null;55.9;null;
2024-06-03;null;null;62.1;null;
2024-06-04;null;null;57.3;null;
2024-06-05;null;null;66.6;null;
2024-06-06;null;null;66.2;null;
2024-06-07;null;null;59.1;null;
2024-06-08;null;null;61.9;null;
2024-06-09;null;null;58.1;null;
2024-06-10;null;null;50.4;null;
2024-06-11;null;null;53;null;
2024-06-12;null;null;49;null;
2024-06-13;null;null;50.5;2.4;
2024-06-14;null;null;63.3;null;
2024-06-15;null;null;55.8;null;
2024-06-16;null;null;null;null;
2024-06-17;null;null;46.7;null;
2024-06-18;null;null;51.2;null;
2024-06-19;null;null;48.3;null;
2024-06-20;null;null;50.4;null;
2024-06-21;null;null;54.5;null;
2024-06-22;null;null;46;null;
2024-06-23;null;null;55.8;null;
2024-06-24;null;null;null;null;
2024-06-25;null;null;42.8;null;
2024-06-26;null;null;51.1;null;
2024-06-27;null;null;52.1;null;
2024-06-28;null;null;54.3;null;
2024-06-29;null;null;52.4;null;
2024-06-30;null;null;50.1;null;
2024-07-01;null;null;50.5;null;
2024-07-02;null;null;44.5;null;
2024-07-03;null;null;52.1;2;
2024-07-04;null;null;41.6;null;
2024-07-05;null;null;44;1.9;
2024-07-06;null;null;49.6;1.7;
2024-07-07;null;null;null;null;
2024-07-08;null;null;45;null;
2024-07-09;null;null;49.9;null;
2024-07-10;null;null;52.1;1.7;
2024-07-11;null;null;46.3;null;
2024-07-12;null;null;44.4;null;
2024-07-13;null;null;47.6;null;
2024-07-14;null;null;40.4;null;
2024-07-15;null;null;45.9;null;
2024-07-16;null;null;39.3;2.5;
2024-07-17;null;null;44.6;1.6;
2024-07-18;null;null;44.7;1.8;
2024-07-19;null;null;46.4;1.9;
2024-07-20;null;28.7;46;1.7;
2024-07-21;null;28.5;42.8;1.5;
2024-07-22;null;28.5;44.8;1.6;
2024-07-23;null;28.2;45.6;1.8;
2024-07-24;null;27.7;46.4;2.1;
2024-07-25;null;27.7;41.9;2.7;
2024-07-26;null;26.5;49.2;1.5;
2024-07-27;null;27.2;48.5;1.8;
2024-07-28;null;27.7;48.3;1.8;
2024-07-29;null;28.1;47.4;1.5;
2024-07-30;null;28.2;49.5;1.1;
2024-07-31;null;29.2;50.7;1.7;
2024-08-01;null;29.3;44.3;2;
2024-08-02;null;28.8;39.3;2.4;
2024-08-03;null;28;39.4;2.1;
2024-08-04;null;28.5;36.1;2.1;
2024-08-05;null;28.9;41.3;1.4;
2024-08-06;null;28.1;50.6;1.5;
2024-08-07;null;27.8;46.5;1.4;
2024-08-08;null;29.4;47;1.1;
2024-08-09;null;29.3;51.5;1.4;
2024-08-10;null;29.3;55.7;1.3;
2024-08-11;null;29.5;52.4;.9;
2024-08-12;null;29.1;58.5;1.3;
2024-08-13;null;30.1;56.1;1.4;
2024-08-14;null;29.2;51.5;2.1;
2024-08-15;null;28.5;38.8;2;
2024-08-16;null;28.4;34.1;1.9;
2024-08-17;null;28.3;42.1;1.6;
2024-08-18;null;29;44;1.3;
2024-08-19;null;29;43.3;1;
2024-08-20;null;29.4;47.8;1.4;
2024-08-21;null;29.7;49.5;1.1;
2024-08-22;null;29.9;46.3;1.8;
2024-08-23;null;29.5;46.2;2.8;
2024-08-24;null;30.1;37.8;2;
2024-08-25;null;29.3;44.2;1.3;
2024-08-26;null;30.4;42;1.3;
2024-08-27;null;30;49.5;1.3;
2024-08-28;null;30.5;43.5;1.9;
2024-08-29;null;30.1;30.7;2.2;
2024-08-30;null;29.4;39.5;2.1;
2024-08-31;null;29.1;37;1.4;
2024-09-01;null;28.4;41.3;1.4;
2024-09-02;null;28.5;39.4;1.3;
2024-09-03;null;29.5;47.1;1.2;
2024-09-04;null;30;46.8;1.5;
2024-09-05;null;29.8;45.6;1.5;
2024-09-06;null;29.8;46.7;1.7;
2024-09-07;null;29.8;42.2;2.1;
2024-09-08;null;30.6;38.9;2.1;
2024-09-09;null;30.4;32;2;
2024-09-10;null;30.3;41.6;1.3;
2024-09-11;null;30.6;45.5;1.8;
2024-09-12;null;30.4;43.5;2.4;
2024-09-13;null;29.9;42.5;1.8;
2024-09-14;null;29.6;43.5;1.5;
2024-09-15;null;30.6;44.7;1.3;
2024-09-16;null;31;43.9;1.5;
2024-09-17;null;31.5;40.3;1.5;
2024-09-18;null;30.7;45.5;1.9;
2024-09-19;null;30.6;44.5;1.9;
2024-09-20;null;30.7;44.5;1.7;
2024-09-21;null;30.7;44.1;2.1;
2024-09-22;null;31.7;42.1;1.9;
2024-09-23;null;31.2;47.1;2.1;
2024-09-24;null;30.6;45.9;2;
2024-09-25;null;30.2;50.3;2.3;
2024-09-26;null;31.1;47;1.9;
2024-09-27;null;31.4;46.1;1.4;
2024-09-28;null;31.1;48.5;2.1;
2024-09-29;null;30.9;50.6;2.1;
2024-09-30;null;30.4;53.3;1.9;
2024-10-01;null;30.6;51.7;1.9;
2024-10-02;null;31.7;44.2;1.9;
2024-10-03;null;31.9;43.7;2.2;
2024-10-04;null;31.5;46.1;1.9;
2024-10-05;null;31.6;46.1;1.8;
2024-10-06;null;30.7;50.4;1.7;
2024-10-07;null;30.6;48.5;2.2;
2024-10-08;null;30.6;49.4;2.3;
2024-10-09;null;31;45.6;2.2;
2024-10-10;null;30.7;47.5;2;
2024-10-11;null;30.6;51.3;2.4;
2024-10-12;null;31;45;2.9;
2024-10-13;null;31;42.9;2.5;
2024-10-14;null;31.4;38.9;2.2;
2024-10-15;null;31.1;46.3;1.9;
2024-10-16;null;29.8;55.2;2.2;
2024-10-17;null;29.6;55.3;2.1;
2024-10-18;null;28.9;55.2;1.4;
2024-10-19;null;30.7;49.5;1.1;
2024-10-20;null;31.5;49;2.4;
2024-10-21;null;31.8;39.7;2.4;
2024-10-22;null;31.5;44.2;2.2;
2024-10-23;null;31;46.5;2;
2024-10-24;null;31.2;46.5;2.1;
2024-10-25;null;31.5;47.7;2.4;
2024-10-26;null;31.3;48.4;2.3;
2024-10-27;null;31.3;43.2;2.2;
2024-10-28;null;null;37.7;2.9;
2024-10-29;null;null;37.9;1.9;
2024-10-30;null;null;42.1;2.2;
2024-10-31;null;null;47.7;2.4;
2024-11-01;null;null;42.3;2.4;
2024-11-02;null;null;42.4;2.3;
2024-11-03;null;null;37.4;2.8;
2024-11-04;null;null;36.6;2.5;
2024-11-05;null;null;40.4;2.1;
2024-11-06;null;null;40.9;1.7;
2024-11-07;null;null;43.3;2.7;
2024-11-08;null;null;41.7;2.6;
2024-11-09;null;null;36.8;2;
2024-11-10;null;null;36.4;1.8;
2024-11-11;null;null;46.7;2.5;
2024-11-12;null;null;71;1.5;
2024-11-13;null;null;51;1.8;
2024-11-14;null;null;41.7;2.4;
2024-11-15;null;null;41.3;1.8;
2024-11-16;null;null;37.9;2.2;
2024-11-17;null;null;36.6;2.2;
2024-11-18;null;null;37.8;null;
2024-11-19;null;null;48.4;2.2;
2024-11-20;null;null;45.3;1.7;
2024-11-21;null;null;41;null;
2024-11-22;null;null;39.6;2.5;
2024-11-23;null;null;39.9;null;
2024-11-24;null;null;44.9;null;
2024-11-25;null;null;51.4;1.9;
2024-11-26;null;null;38.3;null;
2024-11-27;null;null;38.1;null;
2024-11-28;null;null;33.8;2.1;
2024-11-29;null;null;33.5;null;
2024-11-30;null;null;39.3;null;
2024-12-01;null;null;40.5;null;
2024-12-02;null;null;46.4;null;
2024-12-03;null;null;51.2;2.6;
2024-12-04;null;null;62.3;2.7;
2024-12-05;null;null;63.3;null;
2024-12-06;null;null;55.3;null;
2024-12-07;null;null;64.8;null;
2024-12-08;null;null;51.2;1.6;
2024-12-09;null;null;52.8;null;
2024-12-10;null;null;49.2;null;
2024-12-11;null;null;41.8;null;
2024-12-12;null;null;43.4;null;
2024-12-13;null;null;33.3;null;
2024-12-14;null;null;44.6;null;
2024-12-15;null;null;56.8;null;
2024-12-16;null;null;41.5;null;
2024-12-17;null;null;36.5;null;
2024-12-18;null;null;35.5;null;
2024-12-19;null;null;38.1;null;
2024-12-20;null;null;40.7;null;
2024-12-21;null;null;40;null;
2024-12-22;null;null;43;null;
2024-12-23;null;null;39.7;null;
2024-12-24;null;null;48.2;null;
2024-12-25;null;null;47;null;
2024-12-26;null;null;35.3;null;
2024-12-27;null;null;31.8;null;
2024-12-28;null;null;42.7;null;
2024-12-29;null;null;45.3;null;
2024-12-30;null;null;46.6;null;
2024-12-31;null;null;41.9;null;
2025-01-01;null;null;44.6;null;
2025-01-02;null;null;34.6;null;
2025-01-03;null;null;48.3;null;
2025-01-04;null;null;47.3;null;
2025-01-05;null;null;45.4;null;
2025-01-06;null;null;54.1;null;
2025-01-07;null;null;60.7;null;
2025-01-08;null;null;54.6;null;
2025-01-09;null;null;60.4;null;
2025-01-10;null;null;64.7;null;
2025-01-11;null;null;58.1;null;
2025-01-12;null;null;64.3;null;
2025-01-13;null;null;58.2;null;
2025-01-14;null;null;null;null;
2025-01-15;null;null;null;null;
2025-01-16;null;null;57.3;null;
2025-01-17;null;null;72.9;null;
2025-01-18;null;null;71.6;null;
2025-01-19;null;null;null;null;
2025-01-20;null;null;74.1;null;
2025-01-21;null;null;69.9;null;
2025-01-22;null;null;68.1;null;
2025-01-23;null;null;74.5;null;
2025-01-24;null;null;72.8;null;
2025-01-25;null;null;66.8;null;
2025-01-26;null;null;76.9;null;
2025-01-27;null;null;65.3;null;
2025-01-28;null;null;62.9;null;
2025-01-29;null;null;67.9;null;
2025-01-30;null;null;63.2;null;
2025-01-31;null;null;61.6;null;
2025-02-01;null;null;66.6;null;
2025-02-02;null;null;61.6;1.8;
2025-02-03;null;null;71;null;
2025-02-04;null;null;67.5;null;
2025-02-05;null;null;62.8;null;
2025-02-06;null;null;71.7;null;
2025-02-07;null;null;72.6;null;
2025-02-08;null;null;67.3;null;
2025-02-09;null;null;67.8;1.1;
2025-02-10;null;null;66.8;null;
2025-02-11;null;null;62.9;.7;
2025-02-12;null;null;60.9;null;
2025-02-13;null;null;67.8;2.2;
2025-02-14;null;null;71.9;null;
2025-02-15;null;null;67;1.6;
2025-02-16;null;null;75.1;1.3;
2025-02-17;null;null;75.3;null;
2025-02-18;null;null;67.9;null;
2025-02-19;null;null;74.5;1.2;
2025-02-20;null;null;73.6;null;
2025-02-21;null;null;75.8;null;
2025-02-22;null;null;70.1;null;
2025-02-23;null;null;70.6;null;
2025-02-24;null;null;68.6;null;
2025-02-25;null;null;79.1;null;
2025-02-26;null;null;63.4;null;
2025-02-27;null;null;74.9;null;
2025-02-28;null;null;83.5;null;
2025-03-01;null;null;84.2;null;
2025-03-02;null;null;75.9;null;
2025-03-03;null;null;80.1;null;
2025-03-04;null;null;77.8;null;
2025-03-05;null;null;70.6;null;
2025-03-06;null;null;82.8;null;
2025-03-07;null;null;81;null;
2025-03-08;null;null;78.1;null;
2025-03-09;null;null;78.8;.8;
2025-03-10;null;null;74.6;null;
2025-03-11;null;null;77.9;null;
2025-03-12;null;null;71.4;null;
2025-03-13;null;null;69;null;
2025-03-14;null;null;75.1;null;
2025-03-15;null;null;73.8;null;
2025-03-16;null;null;null;.8;
2025-03-17;null;null;null;null;
2025-03-18;null;null;null;null;
2025-03-19;null;null;68.8;null;
2025-03-20;null;null;73.5;null;
2025-03-21;null;null;65.8;null;
2025-03-22;null;null;70.8;null;
2025-03-23;null;null;62.3;null;
2025-03-24;null;null;65.4;.9;
2025-03-25;null;null;66.8;1.1;
2025-03-26;null;null;70.6;.7;
2025-03-27;null;null;70.2;1.1;
2025-03-28;null;null;70.6;.5;
2025-03-29;null;null;78.1;null;
2025-03-30;null;null;70.9;null;
2025-03-31;null;null;70.6;null;
2025-04-01;null;null;null;null;

