Nome: PILAO ARCADO
Codigo Estacao: A449
Latitude: -10.01833332
Longitude: -42.50027777
Altitude: 385
Situacao: Fechada
Data Inicial: 2016-05-27
Data Final: 2022-09-12
Periodicidade da Medicao: Diaria

Data Medicao;PRECIPITACAO TOTAL, DIARIO (AUT)(mm);TEMPERATURA MEDIA, DIARIA (AUT)(°C);UMIDADE RELATIVA DO AR, MEDIA DIARIA (AUT)(%);VENTO, VELOCIDADE MEDIA DIARIA (AUT)(m/s);
2016-05-27;null;null;null;null;
2016-05-28;null;25.7;null;2.6;
2016-05-29;0;27.2;null;2.8;
2016-05-30;0;27;null;3;
2016-05-31;0;27.5;null;2.3;
2016-06-01;null;null;null;2.8;
2016-06-02;0;25.9;59.3;1.6;
2016-06-03;0;null;51.5;1.9;
2016-06-04;null;27.5;null;1.8;
2016-06-05;0;28.2;54.1;2.2;
2016-06-06;0;28.8;null;2;
2016-06-07;null;null;null;2.2;
2016-06-08;0;28.7;null;1.6;
2016-06-09;7.6;28.8;null;2.5;
2016-06-10;0;26.7;56.4;1.7;
2016-06-11;0;26.3;62.1;1.7;
2016-06-12;0;27.1;57.7;1.6;
2016-06-13;0;27.7;null;2.7;
2016-06-14;null;null;49.8;null;
2016-06-15;0;25.4;55.7;4.8;
2016-06-16;null;null;null;3.3;
2016-06-17;0;25.9;50.9;3.5;
2016-06-18;0;26.3;54.5;3.2;
2016-06-19;0;26;62.4;2.6;
2016-06-20;0;26.2;48.9;3.3;
2016-06-21;null;null;51.6;null;
2016-06-22;0;25.4;57;3.8;
2016-06-23;0;25.4;55.2;3.2;
2016-06-24;null;null;null;null;
2016-06-25;null;null;null;null;
2016-06-26;null;null;null;null;
2016-06-27;null;null;null;null;
2016-06-28;null;null;null;null;
2016-06-29;null;null;null;null;
2016-06-30;null;null;null;null;
2016-07-01;null;null;null;null;
2016-07-02;null;null;null;null;
2016-07-03;null;null;null;null;
2016-07-04;null;null;null;null;
2016-07-05;null;null;null;null;
2016-07-06;null;null;null;null;
2016-07-07;null;null;null;null;
2016-07-08;null;null;null;null;
2016-07-09;null;null;null;null;
2016-07-10;null;null;null;null;
2016-07-11;null;null;null;null;
2016-07-12;null;null;null;null;
2016-07-13;null;null;null;null;
2016-07-14;null;null;null;null;
2016-07-15;null;null;null;null;
2016-07-16;null;null;null;null;
2016-07-17;null;null;null;null;
2016-07-18;null;null;null;null;
2016-07-19;null;null;null;null;
2016-07-20;null;null;null;null;
2016-07-21;null;null;null;null;
2016-07-22;null;null;null;null;
2016-07-23;null;null;null;null;
2016-07-24;null;null;null;null;
2016-07-25;null;null;null;null;
2016-07-26;null;null;null;null;
2016-07-27;null;null;null;null;
2016-07-28;null;null;null;null;
2016-07-29;null;null;null;null;
2016-07-30;null;null;null;null;
2016-07-31;null;null;null;null;
2016-08-01;null;null;null;null;
2016-08-02;null;null;null;null;
2016-08-03;null;null;null;null;
2016-08-04;null;null;null;null;
2016-08-05;null;null;null;null;
2016-08-06;null;null;null;null;
2016-08-07;null;null;null;null;
2016-08-08;null;null;null;null;
2016-08-09;null;null;null;null;
2016-08-10;null;null;null;null;
2016-08-11;null;null;null;null;
2016-08-12;null;null;null;null;
2016-08-13;null;null;null;null;
2016-08-14;null;null;null;null;
2016-08-15;null;null;null;null;
2016-08-16;null;null;null;null;
2016-08-17;null;null;null;null;
2016-08-18;null;null;null;null;
2016-08-19;null;null;null;null;
2016-08-20;null;null;null;null;
2016-08-21;null;null;null;null;
2016-08-22;null;null;null;null;
2016-08-23;null;null;null;null;
2016-08-24;null;null;null;null;
2016-08-25;null;null;null;null;
2016-08-26;null;null;null;null;
2016-08-27;null;null;null;null;
2016-08-28;null;null;null;null;
2016-08-29;null;null;null;null;
2016-08-30;null;null;null;null;
2016-08-31;null;null;null;null;
2016-09-01;null;null;null;null;
2016-09-02;null;null;null;null;
2016-09-03;null;null;null;null;
2016-09-04;null;null;null;null;
2016-09-05;null;null;null;null;
2016-09-06;null;null;null;null;
2016-09-07;null;null;null;null;
2016-09-08;null;null;null;null;
2016-09-09;null;null;null;null;
2016-09-10;null;null;null;null;
2016-09-11;null;null;null;null;
2016-09-12;null;null;null;null;
2016-09-13;null;null;null;null;
2016-09-14;0;28.2;39.6;3.6;
2016-09-15;0;28.4;45.7;2.6;
2016-09-16;0;29.3;40.7;2.7;
2016-09-17;0;29.3;46.3;3.5;
2016-09-18;0;28.3;45.3;3.8;
2016-09-19;0;27.4;47.2;2.9;
2016-09-20;0;28;38;2.5;
2016-09-21;0;29.6;35.9;2.5;
2016-09-22;0;29.4;42.5;3.5;
2016-09-23;0;28.3;48.6;4.1;
2016-09-24;0;28.7;52.7;3.2;
2016-09-25;0;29.3;49.3;2.6;
2016-09-26;0;28.7;53.4;3.1;
2016-09-27;6.4;25.5;74;3.5;
2016-09-28;1;26.5;63.8;3.3;
2016-09-29;.2;27.2;59.6;3.3;
2016-09-30;2;27.8;60.4;2.9;
2016-10-01;0;28.9;54.4;3.3;
2016-10-02;null;null;null;3.9;
2016-10-03;0;28.8;45.5;3.5;
2016-10-04;0;29.2;48.5;2.5;
2016-10-05;0;30.3;34;2.2;
2016-10-06;0;28;57.7;2.2;
2016-10-07;1.8;25.9;76.6;2.1;
2016-10-08;2.6;null;74.4;2.1;
2016-10-09;null;null;null;null;
2016-10-10;null;null;56.3;null;
2016-10-11;null;null;52.5;null;
2016-10-12;null;null;52.8;null;
2016-10-13;null;null;53;null;
2016-10-14;null;null;46.9;4.4;
2016-10-15;null;null;45.9;3.8;
2016-10-16;null;28.9;42.3;3.5;
2016-10-17;null;null;43.1;2.9;
2016-10-18;null;null;45.4;3.2;
2016-10-19;null;null;44.1;null;
2016-10-20;null;30.4;42.9;2.7;
2016-10-21;0;29.9;46;3.2;
2016-10-22;0;29.6;49.2;2.9;
2016-10-23;0;29.7;44.6;4;
2016-10-24;0;29.6;42.3;3.6;
2016-10-25;0;30.1;46.5;3.4;
2016-10-26;0;30.2;44.3;3.1;
2016-10-27;0;29.7;40.4;3.1;
2016-10-28;0;30.5;39.8;2.6;
2016-10-29;0;32;38.2;3;
2016-10-30;0;30;44;3.8;
2016-10-31;0;30.2;47.1;3.7;
2016-11-01;0;30.4;41;4.2;
2016-11-02;0;30.1;40.6;4.7;
2016-11-03;0;29.6;41.9;4.3;
2016-11-04;0;29.8;41.5;3.8;
2016-11-05;0;29.8;49.6;5;
2016-11-06;0;29.5;44.9;4.2;
2016-11-07;0;29.3;43.5;3.5;
2016-11-08;0;29.7;44.3;3.1;
2016-11-09;0;30.1;43.3;3.6;
2016-11-10;.6;29.5;47.7;2.9;
2016-11-11;0;28.6;54.8;2.8;
2016-11-12;.4;null;62.2;2.5;
2016-11-13;null;null;76.6;2.6;
2016-11-14;31.4;26.1;74.6;2.2;
2016-11-15;25.2;25.7;77.8;3.1;
2016-11-16;.2;24.6;83.4;1.6;
2016-11-17;null;null;73.6;2.3;
2016-11-18;0;29.3;60.7;2.9;
2016-11-19;0;27.1;68.5;2.1;
2016-11-20;45.4;22.6;95.5;1.5;
2016-11-21;131.4;25.3;77;2.6;
2016-11-22;0;27;64;2.6;
2016-11-23;0;28.2;58.5;2.1;
2016-11-24;0;29.1;59.1;2.4;
2016-11-25;0;29.4;48.9;2.2;
2016-11-26;0;28.9;48.4;3.4;
2016-11-27;0;28.4;46.1;3.1;
2016-11-28;0;28.3;49.6;2.5;
2016-11-29;0;29.1;47.6;2;
2016-11-30;0;28.9;46.8;2.4;
2016-12-01;0;29.4;53.9;2.5;
2016-12-02;0;29;49.9;2.5;
2016-12-03;0;28.5;55.5;2.4;
2016-12-04;0;29.3;52.3;2.5;
2016-12-05;0;29.8;55.4;1.8;
2016-12-06;0;28.3;60.1;2.8;
2016-12-07;0;null;74.1;2.1;
2016-12-08;null;null;73.5;null;
2016-12-09;null;25.5;77.8;2.1;
2016-12-10;6;28.2;70.3;1.5;
2016-12-11;0;28;68.2;1.6;
2016-12-12;0;null;70;null;
2016-12-13;null;null;87.3;null;
2016-12-14;null;null;80.9;1.8;
2016-12-15;null;27.3;68.7;2;
2016-12-16;0;25.3;74.8;2.2;
2016-12-17;5.2;26.2;60.7;2.8;
2016-12-18;.4;24.8;66;2.8;
2016-12-19;0;26.1;59.3;2.5;
2016-12-20;0;27.7;55.4;3;
2016-12-21;0;27.5;57.2;3.4;
2016-12-22;0;28.4;54;3.6;
2016-12-23;0;28.8;51.4;3.5;
2016-12-24;0;28.5;58.8;2.9;
2016-12-25;0;28.4;54.3;2.4;
2016-12-26;0;28.8;55.1;2.1;
2016-12-27;0;28;57;2;
2016-12-28;0;27.4;55.3;2.6;
2016-12-29;0;27.7;53.7;3.1;
2016-12-30;0;27.2;53.3;2.1;
2016-12-31;0;28.2;50.8;2.4;
2017-01-01;0;28.9;53;2.9;
2017-01-02;0;30.2;56.2;2.2;
2017-01-03;0;30.3;48.5;2.6;
2017-01-04;0;28.8;64.9;2.6;
2017-01-05;0;28.7;50;2.6;
2017-01-06;0;29.1;47.9;2.8;
2017-01-07;0;28.7;43.7;3;
2017-01-08;0;29;48.4;2.5;
2017-01-09;0;29.1;47.1;1.8;
2017-01-10;0;29.5;49.4;2.2;
2017-01-11;0;25.6;74;1.7;
2017-01-12;7.4;26.2;75;2.1;
2017-01-13;0;27.8;67.8;1.4;
2017-01-14;.2;28.4;63.7;1.7;
2017-01-15;.6;28.6;63.5;1.7;
2017-01-16;0;29.2;56.8;2.3;
2017-01-17;0;29.3;52.1;2.2;
2017-01-18;0;29.5;53.9;2;
2017-01-19;6.4;28.6;67.9;2;
2017-01-20;0;28.9;60.5;1.9;
2017-01-21;0;30;45.8;2.3;
2017-01-22;0;29.8;53.8;2;
2017-01-23;0;30.2;48;2.2;
2017-01-24;0;29.6;50.7;2.2;
2017-01-25;0;28.6;61.4;1.8;
2017-01-26;0;29.1;51.5;1.7;
2017-01-27;0;29.7;48.5;2.2;
2017-01-28;0;28.9;48.8;2.6;
2017-01-29;0;29.9;48.6;3.1;
2017-01-30;0;30.5;47.5;3.3;
2017-01-31;0;30.4;47.5;2.5;
2017-02-01;0;30;47.3;2.2;
2017-02-02;0;26.5;74;2;
2017-02-03;23.8;26.8;74.1;1.9;
2017-02-04;.2;28.6;64;2.7;
2017-02-05;7;28.6;66.9;1.5;
2017-02-06;.2;29.4;57.4;2.4;
2017-02-07;0;27.4;71.6;2.1;
2017-02-08;16.8;24.7;86.3;1.7;
2017-02-09;3.2;26.1;80.4;2;
2017-02-10;6.2;24.4;88.7;1.6;
2017-02-11;4.6;26.2;77.8;1.4;
2017-02-12;12.2;24.5;82;1.7;
2017-02-13;.4;25.3;74.6;1.8;
2017-02-14;0;24.8;76;1.5;
2017-02-15;0;25.6;70.3;2.5;
2017-02-16;0;26.3;66;2.2;
2017-02-17;0;26.7;65.4;1.7;
2017-02-18;10;27.6;65.9;1.7;
2017-02-19;2.4;27.6;67.7;1.6;
2017-02-20;.2;27.4;63.7;2;
2017-02-21;10.2;26.2;73.8;1.9;
2017-02-22;8.6;25.9;76.8;2;
2017-02-23;.2;27.3;65.1;2.1;
2017-02-24;0;28.4;61.1;2.1;
2017-02-25;3;28;69.5;1.7;
2017-02-26;0;27.5;67;1.8;
2017-02-27;0;27.7;63.4;1.9;
2017-02-28;2.6;26.2;73.6;2.1;
2017-03-01;42.6;23.3;91;1.6;
2017-03-02;null;null;79.5;1.5;
2017-03-03;0;26;72;1.6;
2017-03-04;0;26.3;69.8;1.6;
2017-03-05;0;27.6;63.9;1.7;
2017-03-06;0;27.5;62.9;1.9;
2017-03-07;0;27.6;62.5;1.5;
2017-03-08;0;27.3;67.3;1.7;
2017-03-09;0;27.1;67.4;1.6;
2017-03-10;0;28.1;51.4;2.4;
2017-03-11;0;28.1;54;1.8;
2017-03-12;0;28.7;52.1;2.5;
2017-03-13;0;28.5;56;1.8;
2017-03-14;0;27.6;64.1;1.7;
2017-03-15;0;27.9;58.4;1.9;
2017-03-16;0;27.9;56.3;1.5;
2017-03-17;0;null;54.8;1.9;
2017-03-18;null;24.9;85.3;1.4;
2017-03-19;14.8;null;80.8;1.1;
2017-03-20;null;27.7;71.9;1.5;
2017-03-21;0;27.8;65.9;1.2;
2017-03-22;0;28;61.7;1.9;
2017-03-23;0;28.1;60.7;2.3;
2017-03-24;0;28;60.5;1.9;
2017-03-25;0;28.9;57.4;1.4;
2017-03-26;0;null;63.3;2.1;
2017-03-27;null;null;null;null;
2017-03-28;null;null;56.5;null;
2017-03-29;null;null;null;null;
2017-03-30;null;null;null;null;
2017-03-31;null;null;null;null;
2017-04-01;null;null;null;null;
2017-04-02;null;null;null;null;
2017-04-03;null;null;null;null;
2017-04-04;null;null;null;null;
2017-04-05;null;null;null;null;
2017-04-06;null;null;null;null;
2017-04-07;null;null;null;null;
2017-04-08;null;null;null;null;
2017-04-09;null;null;null;null;
2017-04-10;null;null;null;null;
2017-04-11;null;null;null;null;
2017-04-12;null;null;null;null;
2017-04-13;null;null;61.8;null;
2017-04-14;0;26.7;66.5;2.4;
2017-04-15;0;27.5;64.7;2.9;
2017-04-16;0;null;68;3.1;
2017-04-17;null;null;null;null;
2017-04-18;null;null;null;null;
2017-04-19;null;null;null;null;
2017-04-20;null;null;null;null;
2017-04-21;null;null;null;null;
2017-04-22;null;null;null;null;
2017-04-23;null;null;null;null;
2017-04-24;null;null;null;null;
2017-04-25;null;null;48;null;
2017-04-26;null;null;null;null;
2017-04-27;null;null;null;null;
2017-04-28;0;29;59.9;2.6;
2017-04-29;null;null;49.6;4;
2017-04-30;0;27.5;49.3;3.7;
2017-05-01;0;26.8;52;3.8;
2017-05-02;0;25.8;60;2.6;
2017-05-03;0;27;56.7;3.6;
2017-05-04;0;26.5;60.2;3.3;
2017-05-05;0;27.4;60.4;3.2;
2017-05-06;0;27.7;53.6;3.2;
2017-05-07;0;27.3;54.4;2.4;
2017-05-08;null;null;47.8;2.1;
2017-05-09;null;null;44.2;null;
2017-05-10;0;28.3;50.2;2.2;
2017-05-11;0;28.2;50.2;2.6;
2017-05-12;0;27.2;50;2.9;
2017-05-13;0;null;55;2.6;
2017-05-14;null;26.5;55.6;2;
2017-05-15;0;28;50.7;1.6;
2017-05-16;0;29;49.5;1.5;
2017-05-17;0;27.7;60.5;1.7;
2017-05-18;0;27.6;59.5;2.3;
2017-05-19;0;27;60.5;2.9;
2017-05-20;0;26.7;62.5;2.5;
2017-05-21;0;27.6;58.7;3.1;
2017-05-22;null;null;65.2;null;
2017-05-23;null;27.7;58.5;3.4;
2017-05-24;0;27.2;59.1;2.9;
2017-05-25;0;27;54.6;3;
2017-05-26;0;26.8;54.5;3.7;
2017-05-27;0;27.1;51;3.5;
2017-05-28;0;27.5;56.5;3.3;
2017-05-29;0;26.5;48.3;3.3;
2017-05-30;0;25.6;55.9;2.6;
2017-05-31;0;26.4;51.8;2.2;
2017-06-01;0;27.9;58.8;2.6;
2017-06-02;0;28.9;54.2;2;
2017-06-03;0;29;54.7;2.9;
2017-06-04;0;27.3;53.4;4;
2017-06-05;0;27.1;50.5;3.2;
2017-06-06;0;26.5;51.5;3.1;
2017-06-07;0;26.8;53.5;3.8;
2017-06-08;0;26.1;48.5;2.4;
2017-06-09;0;26.7;50.9;2.4;
2017-06-10;0;26.1;50.3;1.4;
2017-06-11;0;28.2;42.9;2.1;
2017-06-12;0;27.5;48.4;2.9;
2017-06-13;0;26.9;51.8;3.3;
2017-06-14;0;26.3;53.3;3.6;
2017-06-15;0;25.6;49.9;3.5;
2017-06-16;0;25.7;57.1;3.8;
2017-06-17;0;26.1;52.8;3.1;
2017-06-18;0;25.9;54.3;4.1;
2017-06-19;0;26.3;55;3.2;
2017-06-20;0;25.6;55;3.1;
2017-06-21;0;null;55.3;3.5;
2017-06-22;null;26.1;49.7;4.6;
2017-06-23;0;25.6;55;4.4;
2017-06-24;0;25.4;54.3;4;
2017-06-25;0;25.5;53.1;4.7;
2017-06-26;0;25.1;54.4;4.3;
2017-06-27;0;25;54;4.1;
2017-06-28;0;25;55.5;3.9;
2017-06-29;0;24.7;57;3.8;
2017-06-30;0;25.6;53.7;3.6;
2017-07-01;0;26.1;55.8;3.9;
2017-07-02;0;25.4;56.4;3.1;
2017-07-03;0;24.7;50.6;5.1;
2017-07-04;0;23.2;52.4;6.1;
2017-07-05;0;23.2;51;5.3;
2017-07-06;0;23.7;52.2;3.9;
2017-07-07;0;24.4;55.2;4.1;
2017-07-08;0;24.1;52.8;4.9;
2017-07-09;0;24.1;53;3.9;
2017-07-10;0;null;52.3;3;
2017-07-11;null;25.3;56.6;4;
2017-07-12;0;24.3;51.9;4.6;
2017-07-13;0;24;57.7;4.2;
2017-07-14;0;24.1;49.7;4.6;
2017-07-15;0;23.3;56;4.2;
2017-07-16;0;24;51.5;3.9;
2017-07-17;0;24.2;54.6;4.1;
2017-07-18;0;23.3;53.4;3.1;
2017-07-19;0;23.8;51.2;2.8;
2017-07-20;0;24.9;53.4;3.7;
2017-07-21;0;25.8;54.9;3.4;
2017-07-22;0;25.6;53.3;3.5;
2017-07-23;0;25.5;45;3.6;
2017-07-24;0;24.9;51.7;4.2;
2017-07-25;0;null;52.6;5.2;
2017-07-26;null;null;null;null;
2017-07-27;null;null;null;null;
2017-07-28;null;null;null;null;
2017-07-29;null;null;null;null;
2017-07-30;null;null;null;null;
2017-07-31;null;null;null;null;
2017-08-01;null;null;null;null;
2017-08-02;null;null;null;null;
2017-08-03;null;null;null;null;
2017-08-04;null;null;null;null;
2017-08-05;null;null;null;null;
2017-08-06;null;null;null;null;
2017-08-07;null;null;null;null;
2017-08-08;null;null;null;null;
2017-08-09;null;null;null;null;
2017-08-10;null;null;null;null;
2017-08-11;null;null;null;null;
2017-08-12;null;null;null;null;
2017-08-13;null;null;null;null;
2017-08-14;null;null;null;null;
2017-08-15;null;null;null;null;
2017-08-16;null;null;null;null;
2017-08-17;null;null;null;null;
2017-08-18;null;null;null;null;
2017-08-19;null;null;null;null;
2017-08-20;null;null;null;null;
2017-08-21;null;null;null;null;
2017-08-22;null;null;null;null;
2017-08-23;null;null;null;null;
2017-08-24;null;null;null;null;
2017-08-25;null;null;null;null;
2017-08-26;null;null;null;null;
2017-08-27;null;null;null;null;
2017-08-28;null;null;null;null;
2017-08-29;null;null;null;null;
2017-08-30;null;null;null;null;
2017-08-31;null;null;null;null;
2017-09-01;null;null;null;null;
2017-09-02;null;null;null;null;
2017-09-03;null;null;null;null;
2017-09-04;null;null;null;null;
2017-09-05;null;null;null;null;
2017-09-06;null;null;null;null;
2017-09-07;null;null;null;null;
2017-09-08;null;null;null;null;
2017-09-09;null;null;null;null;
2017-09-10;null;null;null;null;
2017-09-11;null;null;null;null;
2017-09-12;null;null;null;null;
2017-09-13;null;null;null;null;
2017-09-14;null;null;null;null;
2017-09-15;null;null;null;null;
2017-09-16;null;null;null;null;
2017-09-17;null;null;null;null;
2017-09-18;null;null;null;null;
2017-09-19;null;null;null;null;
2017-09-20;null;null;null;null;
2017-09-21;null;null;null;null;
2017-09-22;null;null;null;null;
2017-09-23;null;null;null;null;
2017-09-24;null;null;null;null;
2017-09-25;null;null;null;null;
2017-09-26;null;null;null;null;
2017-09-27;null;null;null;null;
2017-09-28;null;null;null;null;
2017-09-29;null;null;null;null;
2017-09-30;null;null;null;null;
2017-10-01;null;null;null;null;
2017-10-02;null;null;null;null;
2017-10-03;null;null;null;null;
2017-10-04;null;null;null;null;
2017-10-05;null;null;null;null;
2017-10-06;null;null;null;null;
2017-10-07;null;null;null;null;
2017-10-08;null;null;null;null;
2017-10-09;null;null;null;null;
2017-10-10;null;null;null;null;
2017-10-11;null;null;null;null;
2017-10-12;null;null;null;null;
2017-10-13;null;null;null;null;
2017-10-14;null;null;null;null;
2017-10-15;null;null;null;null;
2017-10-16;null;null;null;null;
2017-10-17;null;null;null;null;
2017-10-18;null;null;null;null;
2017-10-19;null;null;null;null;
2017-10-20;null;null;null;null;
2017-10-21;null;null;null;null;
2017-10-22;null;null;null;null;
2017-10-23;null;null;null;null;
2017-10-24;null;null;null;null;
2017-10-25;null;null;null;null;
2017-10-26;null;null;null;null;
2017-10-27;null;null;null;null;
2017-10-28;null;null;null;null;
2017-10-29;null;null;null;null;
2017-10-30;null;null;null;null;
2017-10-31;null;null;null;null;
2017-11-01;null;null;null;null;
2017-11-02;null;null;null;null;
2017-11-03;null;null;null;null;
2017-11-04;null;null;null;null;
2017-11-05;null;null;null;null;
2017-11-06;null;null;null;null;
2017-11-07;null;null;null;null;
2017-11-08;null;null;null;null;
2017-11-09;null;null;null;null;
2017-11-10;null;null;null;null;
2017-11-11;null;null;null;null;
2017-11-12;null;null;null;null;
2017-11-13;null;null;null;null;
2017-11-14;null;null;null;null;
2017-11-15;null;null;null;null;
2017-11-16;null;null;null;null;
2017-11-17;null;null;null;null;
2017-11-18;null;null;null;null;
2017-11-19;null;null;null;null;
2017-11-20;null;null;null;null;
2017-11-21;null;null;null;null;
2017-11-22;null;null;null;null;
2017-11-23;null;null;null;null;
2017-11-24;null;null;null;null;
2017-11-25;null;null;null;null;
2017-11-26;null;null;null;null;
2017-11-27;null;null;null;null;
2017-11-28;null;null;null;null;
2017-11-29;null;null;null;null;
2017-11-30;null;null;null;null;
2017-12-01;null;null;null;null;
2017-12-02;null;null;null;null;
2017-12-03;null;null;null;null;
2017-12-04;null;null;null;null;
2017-12-05;null;null;null;null;
2017-12-06;null;null;null;null;
2017-12-07;null;null;null;null;
2017-12-08;null;null;null;null;
2017-12-09;null;null;null;null;
2017-12-10;null;null;null;null;
2017-12-11;null;null;null;null;
2017-12-12;null;null;null;null;
2017-12-13;null;null;null;null;
2017-12-14;null;null;null;null;
2017-12-15;null;null;null;null;
2017-12-16;null;null;null;null;
2017-12-17;null;null;null;null;
2017-12-18;null;null;null;null;
2017-12-19;null;null;null;null;
2017-12-20;null;null;null;null;
2017-12-21;null;null;null;null;
2017-12-22;null;null;null;null;
2017-12-23;null;null;null;null;
2017-12-24;null;null;null;null;
2017-12-25;null;null;null;null;
2017-12-26;null;null;null;null;
2017-12-27;null;null;null;null;
2017-12-28;null;null;null;null;
2017-12-29;null;null;null;null;
2017-12-30;null;null;null;null;
2017-12-31;null;null;null;null;
2018-01-01;null;null;null;null;
2018-01-02;null;null;null;null;
2018-01-03;null;null;null;null;
2018-01-04;null;null;null;null;
2018-01-05;null;null;null;null;
2018-01-06;null;null;null;null;
2018-01-07;null;null;null;null;
2018-01-08;null;null;null;null;
2018-01-09;null;null;null;null;
2018-01-10;null;null;null;null;
2018-01-11;null;null;null;null;
2018-01-12;null;null;null;null;
2018-01-13;null;null;null;null;
2018-01-14;null;null;null;null;
2018-01-15;null;null;null;null;
2018-01-16;null;null;null;null;
2018-01-17;null;null;null;null;
2018-01-18;null;null;null;null;
2018-01-19;null;null;null;null;
2018-01-20;null;null;null;null;
2018-01-21;null;null;null;null;
2018-01-22;null;null;null;null;
2018-01-23;null;null;null;null;
2018-01-24;null;null;null;null;
2018-01-25;null;null;null;null;
2018-01-26;null;null;null;null;
2018-01-27;null;null;null;null;
2018-01-28;null;null;null;null;
2018-01-29;null;null;null;null;
2018-01-30;null;null;null;null;
2018-01-31;null;null;null;null;
2018-02-01;null;null;null;null;
2018-02-02;null;null;null;null;
2018-02-03;null;null;null;null;
2018-02-04;null;null;null;null;
2018-02-05;null;null;null;null;
2018-02-06;null;null;null;null;
2018-02-07;null;null;null;null;
2018-02-08;null;null;null;null;
2018-02-09;null;null;null;null;
2018-02-10;null;null;null;null;
2018-02-11;null;null;null;null;
2018-02-12;null;null;null;null;
2018-02-13;null;null;null;null;
2018-02-14;null;null;null;null;
2018-02-15;null;null;null;null;
2018-02-16;null;null;null;null;
2018-02-17;null;null;null;null;
2018-02-18;null;null;null;null;
2018-02-19;null;null;null;null;
2018-02-20;null;null;null;null;
2018-02-21;null;null;null;null;
2018-02-22;null;null;null;null;
2018-02-23;null;null;null;null;
2018-02-24;null;null;null;null;
2018-02-25;null;null;null;null;
2018-02-26;null;null;null;null;
2018-02-27;null;null;null;null;
2018-02-28;null;null;null;null;
2018-03-01;null;null;null;null;
2018-03-02;null;null;null;null;
2018-03-03;null;null;null;null;
2018-03-04;null;null;null;null;
2018-03-05;null;null;null;null;
2018-03-06;null;null;null;null;
2018-03-07;null;null;null;null;
2018-03-08;null;null;null;null;
2018-03-09;null;null;null;null;
2018-03-10;null;null;null;null;
2018-03-11;null;null;null;null;
2018-03-12;null;null;null;null;
2018-03-13;null;null;null;null;
2018-03-14;null;null;null;null;
2018-03-15;null;null;null;null;
2018-03-16;null;null;null;null;
2018-03-17;null;null;null;null;
2018-03-18;null;null;null;null;
2018-03-19;null;null;null;null;
2018-03-20;null;null;null;null;
2018-03-21;null;null;null;null;
2018-03-22;null;null;null;null;
2018-03-23;null;null;null;null;
2018-03-24;null;null;null;null;
2018-03-25;null;null;null;null;
2018-03-26;null;null;null;null;
2018-03-27;null;null;null;null;
2018-03-28;null;null;null;null;
2018-03-29;null;null;null;null;
2018-03-30;null;null;null;null;
2018-03-31;null;null;null;null;
2018-04-01;null;null;null;null;
2018-04-02;null;null;null;null;
2018-04-03;null;null;null;null;
2018-04-04;null;null;null;null;
2018-04-05;null;null;null;null;
2018-04-06;null;null;null;null;
2018-04-07;null;null;null;null;
2018-04-08;null;null;null;null;
2018-04-09;null;null;null;null;
2018-04-10;null;null;null;null;
2018-04-11;null;null;null;null;
2018-04-12;null;null;null;null;
2018-04-13;null;null;null;null;
2018-04-14;null;null;null;null;
2018-04-15;null;null;null;null;
2018-04-16;null;null;null;null;
2018-04-17;null;null;null;null;
2018-04-18;null;null;null;null;
2018-04-19;null;null;null;null;
2018-04-20;null;null;null;null;
2018-04-21;null;null;null;null;
2018-04-22;null;null;null;null;
2018-04-23;null;null;null;null;
2018-04-24;null;null;null;null;
2018-04-25;null;null;null;null;
2018-04-26;null;24.9;67.7;1.9;
2018-04-27;0;25.5;63.8;2;
2018-04-28;0;25.1;65.2;2.2;
2018-04-29;0;25.7;59;2.3;
2018-04-30;0;26.4;57.5;2.7;
2018-05-01;0;26.6;57.9;2.4;
2018-05-02;0;26.2;62.9;2.1;
2018-05-03;0;26.4;56.8;2.6;
2018-05-04;0;27.1;52.8;3;
2018-05-05;0;26.3;58.5;2.6;
2018-05-06;0;26;61.5;3.3;
2018-05-07;0;25.8;62.3;3.1;
2018-05-08;0;25.4;59.9;2.4;
2018-05-09;0;25;61.3;2.3;
2018-05-10;0;25.2;58.3;1.9;
2018-05-11;0;26;55.4;2.7;
2018-05-12;0;25.5;59.1;1.7;
2018-05-13;0;26.7;58.5;1.5;
2018-05-14;0;26.2;55.7;2.4;
2018-05-15;0;25.8;55;2.5;
2018-05-16;0;25.9;55.8;2.2;
2018-05-17;0;26.2;62.7;2;
2018-05-18;0;26.5;57.5;2.4;
2018-05-19;0;26.1;57.8;1.9;
2018-05-20;0;24.5;62;1;
2018-05-21;0;25;59.9;1.3;
2018-05-22;0;26.8;52.5;2.5;
2018-05-23;0;26.7;55.3;2.7;
2018-05-24;0;26.4;52.8;2.9;
2018-05-25;0;25.5;54;3;
2018-05-26;0;25.3;56.9;3.4;
2018-05-27;0;25.4;54;3.5;
2018-05-28;0;25;57.5;3.9;
2018-05-29;0;25.7;55.1;3.9;
2018-05-30;0;25.5;53.3;3.9;
2018-05-31;0;24.3;59;2.4;
2018-06-01;0;25;55.6;2.1;
2018-06-02;0;25.1;57.9;1.8;
2018-06-03;0;26.8;56.9;2.2;
2018-06-04;0;26.9;55;3.3;
2018-06-05;0;25;57.3;2.6;
2018-06-06;0;25.8;58.3;2.4;
2018-06-07;0;25.7;57.8;1.9;
2018-06-08;0;26.6;55.8;2;
2018-06-09;0;26.3;59.8;2.2;
2018-06-10;.2;26.6;54.3;3;
2018-06-11;0;24.7;59.8;2.5;
2018-06-12;0;25;57;2.4;
2018-06-13;0;25.8;56.3;2.5;
2018-06-14;0;24.5;55.8;2.2;
2018-06-15;0;25.2;50.3;2.8;
2018-06-16;0;24.5;54.6;2.5;
2018-06-17;0;25.2;55.2;3;
2018-06-18;0;25.7;50;3.5;
2018-06-19;0;25;55.1;3.8;
2018-06-20;0;24.2;53.1;3.4;
2018-06-21;0;23.4;57.9;2.8;
2018-06-22;0;23.9;56.9;2.2;
2018-06-23;0;24.1;54.1;2.3;
2018-06-24;0;24.2;53.5;3;
2018-06-25;0;24.2;52.8;2.9;
2018-06-26;0;23.9;51.1;2.5;
2018-06-27;0;25.4;51;2.4;
2018-06-28;0;24.4;53.8;3.2;
2018-06-29;0;24.1;53.8;2.8;
2018-06-30;0;24.8;51.9;2.6;
2018-07-01;0;24.2;50.3;2.5;
2018-07-02;0;25.1;49.7;2.3;
2018-07-03;0;25.4;48.5;2.8;
2018-07-04;0;25.2;46.6;2.6;
2018-07-05;0;24.7;47.9;3.1;
2018-07-06;0;24.6;54.9;2.6;
2018-07-07;0;25.7;50.5;3.1;
2018-07-08;0;24.7;49.6;3.2;
2018-07-09;0;25.5;48.7;2.8;
2018-07-10;0;23.4;47.6;2.2;
2018-07-11;0;23.2;52.9;1.9;
2018-07-12;0;27.2;47.5;2.5;
2018-07-13;0;25.7;50.2;3.3;
2018-07-14;0;24.5;53.7;2.4;
2018-07-15;0;24.2;50.3;2.7;
2018-07-16;0;24.2;49.5;3.1;
2018-07-17;0;24.3;53.3;2.6;
2018-07-18;0;25.4;47.1;3.3;
2018-07-19;0;25.2;49.4;3.3;
2018-07-20;0;23.5;54.5;2.7;
2018-07-21;0;24.3;52.3;2.5;
2018-07-22;0;25;45.8;3.6;
2018-07-23;0;25;46.3;4.2;
2018-07-24;0;24.6;52;3.1;
2018-07-25;0;25;46;3.2;
2018-07-26;0;25;47.8;3.1;
2018-07-27;0;24.5;49.2;3;
2018-07-28;0;24.3;49.1;3.2;
2018-07-29;0;24.5;47.7;2.8;
2018-07-30;0;23.7;47.3;2.2;
2018-07-31;0;23.7;48.5;1.9;
2018-08-01;0;25;46.8;2.5;
2018-08-02;0;25.6;42.6;2.7;
2018-08-03;0;25.4;45;2.2;
2018-08-04;0;24.7;44.7;2.1;
2018-08-05;0;24.4;47.7;1.5;
2018-08-06;0;26.4;46.9;2.1;
2018-08-07;0;26.5;44;2.8;
2018-08-08;0;26.1;46.5;2.8;
2018-08-09;0;25.9;48.5;2.5;
2018-08-10;0;25.4;46.4;1.7;
2018-08-11;0;26.6;42.1;1.7;
2018-08-12;0;27.7;41.2;1.9;
2018-08-13;0;28.6;39.2;2.3;
2018-08-14;0;27.6;47.6;2.7;
2018-08-15;0;27.3;45.9;2.5;
2018-08-16;0;27.6;40.7;2.3;
2018-08-17;0;26.9;45.6;2.9;
2018-08-18;0;26.4;46.2;3.3;
2018-08-19;0;26.1;49;3.8;
2018-08-20;0;25.6;53;3.7;
2018-08-21;0;26;51.9;3.6;
2018-08-22;0;26;47.5;3.4;
2018-08-23;0;26.3;43;2.5;
2018-08-24;0;27.1;43.7;3.3;
2018-08-25;0;26.3;44.2;2.9;
2018-08-26;0;26.8;41.5;2.5;
2018-08-27;0;26.3;43.6;4;
2018-08-28;0;26.1;48.6;3.6;
2018-08-29;0;25.8;46.8;4.2;
2018-08-30;0;25.2;45;2.8;
2018-08-31;0;25.2;46;2.8;
2018-09-01;0;25.4;42.2;3;
2018-09-02;0;26.5;41.3;3.1;
2018-09-03;0;27.1;46;2.1;
2018-09-04;0;27.2;44.7;1.9;
2018-09-05;0;29.4;38.3;2.2;
2018-09-06;0;28;46.8;3;
2018-09-07;0;27.4;45;3.5;
2018-09-08;0;26.5;48.8;3.9;
2018-09-09;0;26;45.5;3.3;
2018-09-10;0;26.9;45.3;2.6;
2018-09-11;0;27.5;44.6;2.8;
2018-09-12;0;28;41.2;2.9;
2018-09-13;0;27.2;37.2;3.5;
2018-09-14;0;26.6;39.7;3.1;
2018-09-15;0;26.9;42.3;2.7;
2018-09-16;0;28.4;40.4;2.6;
2018-09-17;0;28.3;39.3;2.3;
2018-09-18;0;29.7;36.5;2.6;
2018-09-19;0;28.7;40.7;2.8;
2018-09-20;0;28.7;39.5;3;
2018-09-21;0;28.4;39.2;2.6;
2018-09-22;0;27.5;39.7;1.8;
2018-09-23;0;29.3;37.2;2.7;
2018-09-24;0;29.3;39;2.9;
2018-09-25;0;28.1;42.1;2.9;
2018-09-26;0;27.9;42.5;2.7;
2018-09-27;0;28.9;39.1;2.9;
2018-09-28;0;29.2;37;2.6;
2018-09-29;0;29.4;37.3;2.4;
2018-09-30;0;29.4;39.7;2.8;
2018-10-01;0;28.9;41.3;2.8;
2018-10-02;0;28.4;37;2.2;
2018-10-03;0;28.6;39.8;2.4;
2018-10-04;0;29.9;38.5;2.4;
2018-10-05;0;30.3;39.9;2;
2018-10-06;0;29.2;36.4;3.1;
2018-10-07;0;29;38.6;2.9;
2018-10-08;0;29.3;41.6;2.9;
2018-10-09;0;29;33.1;2.8;
2018-10-10;0;28.3;31.7;2.3;
2018-10-11;0;28.5;35.9;2.3;
2018-10-12;0;28.9;38.6;2.7;
2018-10-13;0;28.9;39.9;2.6;
2018-10-14;0;29.8;37.2;1.7;
2018-10-15;0;31.3;38.5;2.1;
2018-10-16;14.2;26;72.6;2.7;
2018-10-17;32.2;26.5;73.4;1.8;
2018-10-18;.2;27.9;60.4;2;
2018-10-19;0;28.8;54.3;2.1;
2018-10-20;0;29.9;51.4;1.6;
2018-10-21;0;29.5;51.6;3.1;
2018-10-22;0;27.8;53.2;3.2;
2018-10-23;0;28.7;47.8;2.7;
2018-10-24;0;29.5;46.5;2.8;
2018-10-25;0;29.3;41.9;2.2;
2018-10-26;0;29;43.6;2.1;
2018-10-27;0;30.4;43.3;2.1;
2018-10-28;0;28.9;50.7;2.3;
2018-10-29;0;28.7;57.7;1.8;
2018-10-30;0;28.7;54.4;2.6;
2018-10-31;.2;28.9;50.6;2.8;
2018-11-01;0;29.2;45.4;2.6;
2018-11-02;0;29.1;42.7;2.2;
2018-11-03;0;29.5;43.5;2.6;
2018-11-04;0;28.9;44.5;2.3;
2018-11-05;0;29.7;42.1;2;
2018-11-06;0;30.1;42.9;2.8;
2018-11-07;0;29.6;42.2;2.5;
2018-11-08;0;28.8;45.3;2.7;
2018-11-09;0;29.4;47.4;2.3;
2018-11-10;0;29.8;44.8;2.9;
2018-11-11;0;29.4;46.3;2.3;
2018-11-12;2;25.1;73.2;2.5;
2018-11-13;0;28.1;58.3;2.8;
2018-11-14;0;29.4;45.7;2.6;
2018-11-15;0;29.7;45.4;2.5;
2018-11-16;0;29.7;44;3;
2018-11-17;0;29.2;45.6;2.5;
2018-11-18;0;29.5;39;3.3;
2018-11-19;0;29;35.3;2.4;
2018-11-20;0;29.3;38.1;2.5;
2018-11-21;0;30;40.3;2.8;
2018-11-22;0;30.2;38.4;3;
2018-11-23;0;28.7;43;2.9;
2018-11-24;0;28.4;46.8;2.3;
2018-11-25;0;28.7;45.6;2;
2018-11-26;1.4;23.8;78.4;2.9;
2018-11-27;6;24.9;71.2;2.4;
2018-11-28;0;27.6;53.2;2.9;
2018-11-29;0;28.5;50.9;2.8;
2018-11-30;0;28.7;52.1;2.6;
2018-12-01;0;24.6;76.8;1.4;
2018-12-02;19.8;23.7;85.1;1.4;
2018-12-03;55.2;24.6;78.3;1.5;
2018-12-04;.6;24;82.8;1.8;
2018-12-05;3.8;24.7;82.1;1.6;
2018-12-06;21.4;23;87.6;1.1;
2018-12-07;1.6;25.5;74.5;1.3;
2018-12-08;.2;27.6;67.8;1.5;
2018-12-09;14.2;23.1;87;1.7;
2018-12-10;12.4;25.3;71.9;2.2;
2018-12-11;.2;27.1;61;2.6;
2018-12-12;0;26.8;55.4;3;
2018-12-13;0;25.6;60.8;2.1;
2018-12-14;0;26.3;60.2;1.9;
2018-12-15;0;25.9;57.1;2.7;
2018-12-16;0;26.4;55.4;2.4;
2018-12-17;0;26.1;55.6;2.6;
2018-12-18;0;27.4;57.8;1.9;
2018-12-19;0;27.4;55.4;2.3;
2018-12-20;0;27.1;51;2.3;
2018-12-21;0;26.4;54.2;2.1;
2018-12-22;0;26.6;55;1.7;
2018-12-23;0;26.2;52.7;1.6;
2018-12-24;0;26.1;59.1;2.1;
2018-12-25;0;26.9;56.6;1.8;
2018-12-26;0;28.5;50.2;1.6;
2018-12-27;0;28.8;48.9;1.9;
2018-12-28;0;29.1;47.6;1.9;
2018-12-29;0;28.4;52.6;1.9;
2018-12-30;0;28.7;55;2.3;
2018-12-31;0;28.4;52.4;2.1;
2019-01-01;0;29.3;47;2.5;
2019-01-02;0;28.9;46.7;2.4;
2019-01-03;0;29;42.9;2.6;
2019-01-04;0;28.5;44.7;2.4;
2019-01-05;0;27.4;53.2;2.3;
2019-01-06;0;26.1;59;2.2;
2019-01-07;0;26.3;54;2.8;
2019-01-08;0;27.1;49.5;2.5;
2019-01-09;0;27.5;49.8;2.3;
2019-01-10;0;27.1;56;2.2;
2019-01-11;0;27.6;49;3;
2019-01-12;.2;28.8;46;2.2;
2019-01-13;0;29.7;43.7;2.5;
2019-01-14;0;28.9;47.5;2.3;
2019-01-15;0;30.1;46.9;2.6;
2019-01-16;0;29;45.2;2.6;
2019-01-17;0;28.7;40.2;2.5;
2019-01-18;0;29.1;44.5;2.1;
2019-01-19;0;28.5;45.7;1.9;
2019-01-20;0;29.4;43.4;2.1;
2019-01-21;0;30.2;44.6;2.2;
2019-01-22;0;30.2;41.1;2.5;
2019-01-23;0;30.2;36.5;2.5;
2019-01-24;0;29.4;43;1.8;
2019-01-25;0;28.3;52.2;2.1;
2019-01-26;5.2;28.4;56.4;1.7;
2019-01-27;4.8;27.9;56.8;2;
2019-01-28;0;29.1;43;3.2;
2019-01-29;0;29.2;47.9;2.5;
2019-01-30;0;30;42.4;2.5;
2019-01-31;0;30.2;39.2;2.5;
2019-02-01;0;30;42.3;2.4;
2019-02-02;0;30.2;42.1;2.2;
2019-02-03;0;30.4;44;1.8;
2019-02-04;0;31.4;41.2;2;
2019-02-05;0;27.6;61;2.1;
2019-02-06;0;27.7;64.3;1.9;
2019-02-07;.4;26.8;70.6;1.4;
2019-02-08;31.6;28;68.3;2;
2019-02-09;.2;28;63.4;1.8;
2019-02-10;.2;28.1;59.6;1.7;
2019-02-11;0;28.9;46.8;2.7;
2019-02-12;0;29.2;42;2.3;
2019-02-13;0;29.9;45.6;1.8;
2019-02-14;32.4;25;72.6;2;
2019-02-15;.2;26.8;68.5;1.3;
2019-02-16;0;26.7;70.8;1.4;
2019-02-17;0;26.2;75.7;1.9;
2019-02-18;6.6;24.8;84.9;1.4;
2019-02-19;33.8;27.2;74.8;1.4;
2019-02-20;.2;28.3;68.5;1.1;
2019-02-21;0;28.4;66;1.7;
2019-02-22;0;27.9;60.7;1.4;
2019-02-23;0;26.8;66;1.8;
2019-02-24;0;27.1;67.7;1.8;
2019-02-25;.2;27.7;66.5;1.8;
2019-02-26;0;25.3;78.8;1.3;
2019-02-27;15.6;24.6;80.5;1.4;
2019-02-28;.2;26.2;75.5;1.3;
2019-03-01;0;25.6;77.8;1.2;
2019-03-02;.8;26.1;72.5;1.6;
2019-03-03;0;26.2;67.9;1.5;
2019-03-04;1.2;26.6;70.4;1.5;
2019-03-05;.2;27.7;61.2;2.4;
2019-03-06;0;27.8;60.3;2.1;
2019-03-07;1.2;27.8;58.6;2.2;
2019-03-08;0;27.7;58.9;2;
2019-03-09;0;27.2;58.5;2.1;
2019-03-10;0;27.4;52.5;1.6;
2019-03-11;0;27.7;49.7;1.5;
2019-03-12;0;28.3;48.7;1.7;
2019-03-13;0;29.9;49;2.4;
2019-03-14;0;29.3;51.6;1.6;
2019-03-15;0;29;54;2;
2019-03-16;0;29.6;50.6;2;
2019-03-17;0;28.1;49;1.7;
2019-03-18;0;29;47.6;1.6;
2019-03-19;0;29.9;49.5;1.8;
2019-03-20;0;27.5;68.6;1.9;
2019-03-21;13.6;26.3;73.8;2.1;
2019-03-22;0;26.2;74.6;2.1;
2019-03-23;0;25.2;82.8;1.5;
2019-03-24;12;25.2;81.3;1.4;
2019-03-25;8.4;23.9;88.7;1.2;
2019-03-26;9;26.1;78.9;1;
2019-03-27;8.4;25.2;81.6;1.7;
2019-03-28;12.4;26.5;72.9;2.3;
2019-03-29;0;26.7;66.2;2.2;
2019-03-30;0;26.9;65.2;2.6;
2019-03-31;0;27.5;64.6;2;
2019-04-01;0;27.6;66.7;1.9;
2019-04-02;10.6;26.8;73;1.7;
2019-04-03;.2;26.9;76.5;1.4;
2019-04-04;21;26.1;78.9;1.6;
2019-04-05;2.8;24.7;83;1.4;
2019-04-06;4.4;26;76.4;1.5;
2019-04-07;3.6;26.1;77.7;1.5;
2019-04-08;.2;26.6;73.3;1.5;
2019-04-09;0;27;72.8;1.6;
2019-04-10;1;25.7;81.4;1.5;
2019-04-11;9.4;26;78.8;1.4;
2019-04-12;.2;27.2;71.6;1.9;
2019-04-13;.4;26.5;72.6;1.5;
2019-04-14;0;26.4;68.5;2.1;
2019-04-15;0;27.4;64.2;1.8;
2019-04-16;0;26.8;64.5;2.1;
2019-04-17;0;27.1;68.5;1.7;
2019-04-18;33.2;26.2;75.5;1.4;
2019-04-19;2;27.4;74.5;1.4;
2019-04-20;0;27.1;75.5;.9;
2019-04-21;0;27.2;67.8;1.7;
2019-04-22;0;27;68.7;2.1;
2019-04-23;0;26.1;69.3;2.2;
2019-04-24;.4;26.9;59.3;2.8;
2019-04-25;0;27.1;56.7;2.8;
2019-04-26;0;27;60.3;2.6;
2019-04-27;0;26.9;58.5;2.1;
2019-04-28;0;26.7;56.8;2;
2019-04-29;0;25.5;67.1;1.1;
2019-04-30;0;28;62.6;1.6;
2019-05-01;0;27.4;60.9;1.5;
2019-05-02;0;28.1;60;1.5;
2019-05-03;0;27.1;62.1;1.5;
2019-05-04;0;27.5;55;2.4;
2019-05-05;0;27.3;52.5;2.7;
2019-05-06;0;27.6;53.5;2.4;
2019-05-07;0;26.9;55.5;1.9;
2019-05-08;0;26.5;55.5;1.6;
2019-05-09;0;28.3;53.4;2.1;
2019-05-10;0;28.5;52.8;2.9;
2019-05-11;0;28;58.4;3.1;
2019-05-12;.2;28.2;57;2.7;
2019-05-13;0;28.3;55.3;1.9;
2019-05-14;0;28.5;58.2;1.6;
2019-05-15;0;27.9;57;1.9;
2019-05-16;33.6;25;77.8;1.9;
2019-05-17;.2;25.4;71.8;2.1;
2019-05-18;0;25.6;70;1.3;
2019-05-19;0;27.2;62.7;1.8;
2019-05-20;0;27;61.8;2.1;
2019-05-21;0;26.9;60.1;1.9;
2019-05-22;0;27.9;54.9;2.5;
2019-05-23;0;27.4;60.9;2;
2019-05-24;0;27.4;55.6;1.8;
2019-05-25;0;27.1;56;1.6;
2019-05-26;0;27.3;51.4;2.1;
2019-05-27;0;27;48.7;2.5;
2019-05-28;0;26.7;55.1;2.5;
2019-05-29;0;27.5;55.3;2.4;
2019-05-30;0;27.2;55.3;2.2;
2019-05-31;0;27.1;54.1;2.6;
2019-06-01;0;26.7;54.3;2.3;
2019-06-02;0;26.8;49.8;1.9;
2019-06-03;0;27.1;54.7;2.2;
2019-06-04;0;26;47.5;2.2;
2019-06-05;0;26.6;43.2;2.4;
2019-06-06;0;25.8;50;3.9;
2019-06-07;0;25.8;51.5;3.8;
2019-06-08;0;26.9;50.8;2.8;
2019-06-09;0;25.9;54.4;3.5;
2019-06-10;0;26.4;55.8;3.8;
2019-06-11;0;26.2;54.8;3;
2019-06-12;0;26.6;53.3;3;
2019-06-13;0;26.3;56.4;4;
2019-06-14;0;25.9;51.9;2.8;
2019-06-15;0;25.5;50.2;3.3;
2019-06-16;0;25.7;49.4;3.1;
2019-06-17;0;26.6;51.7;2.9;
2019-06-18;0;26.6;57.5;3.4;
2019-06-19;0;26;53.8;2.8;
2019-06-20;0;26.3;53.9;2.6;
2019-06-21;0;26.1;53.5;2.5;
2019-06-22;0;25.1;53.9;3.1;
2019-06-23;0;24.6;58;3;
2019-06-24;0;25.4;56.3;2.2;
2019-06-25;0;26.2;49.3;2.9;
2019-06-26;0;25.5;49.2;2.5;
2019-06-27;0;25.9;47.5;2.7;
2019-06-28;0;null;55.4;3;
2019-06-29;null;null;null;null;
2019-06-30;null;null;null;null;
2019-07-01;null;null;null;null;
2019-07-02;null;null;null;null;
2019-07-03;null;null;null;null;
2019-07-04;null;null;null;null;
2019-07-05;null;null;null;null;
2019-07-06;null;null;null;null;
2019-07-07;null;null;null;null;
2019-07-08;null;null;null;null;
2019-07-09;null;null;null;null;
2019-07-10;null;null;null;null;
2019-07-11;null;null;null;null;
2019-07-12;null;null;null;null;
2019-07-13;null;null;null;null;
2019-07-14;null;null;null;null;
2019-07-15;null;null;null;null;
2019-07-16;null;null;null;null;
2019-07-17;null;null;null;null;
2019-07-18;null;null;null;null;
2019-07-19;null;null;null;null;
2019-07-20;null;null;null;null;
2019-07-21;null;null;null;null;
2019-07-22;null;null;null;null;
2019-07-23;null;null;null;null;
2019-07-24;null;null;null;null;
2019-07-25;null;null;null;null;
2019-07-26;null;null;null;null;
2019-07-27;null;null;null;null;
2019-07-28;null;null;null;null;
2019-07-29;null;null;null;null;
2019-07-30;null;null;null;null;
2019-07-31;null;null;null;null;
2019-08-01;null;null;null;null;
2019-08-02;null;null;null;null;
2019-08-03;null;null;null;null;
2019-08-04;null;null;null;null;
2019-08-05;null;null;null;null;
2019-08-06;null;null;null;null;
2019-08-07;null;null;null;null;
2019-08-08;null;null;null;null;
2019-08-09;null;null;null;null;
2019-08-10;null;null;null;null;
2019-08-11;null;null;null;null;
2019-08-12;null;null;null;null;
2019-08-13;null;null;null;null;
2019-08-14;null;null;null;null;
2019-08-15;null;null;null;null;
2019-08-16;null;null;null;null;
2019-08-17;null;null;null;null;
2019-08-18;null;null;null;null;
2019-08-19;null;null;null;null;
2019-08-20;null;null;null;null;
2019-08-21;null;null;null;null;
2019-08-22;null;null;null;null;
2019-08-23;null;null;null;null;
2019-08-24;null;null;null;null;
2019-08-25;null;null;null;null;
2019-08-26;null;null;null;null;
2019-08-27;null;null;null;null;
2019-08-28;null;null;null;null;
2019-08-29;null;null;null;null;
2019-08-30;null;null;null;null;
2019-08-31;null;null;null;null;
2019-09-01;null;null;null;null;
2019-09-02;null;null;null;null;
2019-09-03;null;null;null;null;
2019-09-04;null;null;null;null;
2019-09-05;null;null;null;null;
2019-09-06;null;null;null;null;
2019-09-07;null;null;null;null;
2019-09-08;null;null;null;null;
2019-09-09;null;null;null;null;
2019-09-10;null;null;null;null;
2019-09-11;null;null;null;null;
2019-09-12;null;null;null;null;
2019-09-13;null;null;null;null;
2019-09-14;null;null;null;null;
2019-09-15;null;null;null;null;
2019-09-16;null;null;40.3;null;
2019-09-17;0;27.1;40.3;3.3;
2019-09-18;0;27.9;44.1;2.8;
2019-09-19;0;28.5;46.2;2.6;
2019-09-20;0;29;40.1;2.8;
2019-09-21;0;28.2;39.3;2.3;
2019-09-22;0;28.3;39.5;2.7;
2019-09-23;0;28.5;37.2;3.1;
2019-09-24;0;28.4;42;4.5;
2019-09-25;0;27.5;42.4;3.5;
2019-09-26;0;28.8;37.4;3.1;
2019-09-27;0;28.4;39.9;2.5;
2019-09-28;0;29.5;35.2;2.1;
2019-09-29;0;29.6;41.2;2.8;
2019-09-30;0;29.9;42.1;2.3;
2019-10-01;0;29.9;41.9;3.1;
2019-10-02;0;29.1;42.2;3;
2019-10-03;0;28.8;45.7;3.1;
2019-10-04;0;29.7;41.8;3.1;
2019-10-05;0;28.7;42;3.3;
2019-10-06;0;28.4;39.1;2.7;
2019-10-07;0;29.5;37;2.5;
2019-10-08;0;29.6;41.3;3;
2019-10-09;0;29.9;35.6;3.1;
2019-10-10;0;29.3;37.5;3.2;
2019-10-11;0;28.7;42.5;3.8;
2019-10-12;0;28.6;44.3;3.7;
2019-10-13;0;28.8;42;2.9;
2019-10-14;0;29.1;38.9;2.6;
2019-10-15;0;29.6;40.5;2.3;
2019-10-16;0;29.3;42.5;3;
2019-10-17;0;28.4;43.9;2.9;
2019-10-18;0;28.6;40.7;2.5;
2019-10-19;0;29.6;38.4;2;
2019-10-20;0;30.5;36.5;2.2;
2019-10-21;0;30.1;43.2;2.1;
2019-10-22;0;27.6;57.7;2.4;
2019-10-23;0;27.8;60.3;1.5;
2019-10-24;0;30.1;46.6;2.6;
2019-10-25;0;30.1;38.4;2.9;
2019-10-26;0;29.9;33.9;2.9;
2019-10-27;0;30;37.5;2.7;
2019-10-28;0;30.3;36.8;2.6;
2019-10-29;0;30.1;33.2;3.1;
2019-10-30;0;30;34.3;2.8;
2019-10-31;0;29.3;40;2.9;
2019-11-01;0;30.6;42.4;2.4;
2019-11-02;0;30.5;39.7;2.9;
2019-11-03;0;29.5;37;2.9;
2019-11-04;0;29.6;39.6;2.9;
2019-11-05;0;30.8;40;2.4;
2019-11-06;0;31;33.9;2.1;
2019-11-07;0;31;33.3;2.5;
2019-11-08;0;30.6;36.2;2.6;
2019-11-09;0;30.2;38.5;2.7;
2019-11-10;0;30;37.3;2.5;
2019-11-11;0;29.9;37.7;2.8;
2019-11-12;0;30.5;34.6;2.4;
2019-11-13;0;30.1;33.3;3;
2019-11-14;0;30.1;31.7;2.5;
2019-11-15;0;30.5;32.1;2.3;
2019-11-16;0;31.9;31;2.2;
2019-11-17;0;27.5;59.3;2.4;
2019-11-18;0;28.4;57.2;1.9;
2019-11-19;0;29.8;42.1;2.9;
2019-11-20;0;30.1;38;3.5;
2019-11-21;0;29.7;34.9;3.1;
2019-11-22;0;29.7;35.7;2.6;
2019-11-23;0;29.7;40.8;2.1;
2019-11-24;0;30.8;40;1.6;
2019-11-25;3.6;27.4;64.5;3;
2019-11-26;.2;26.2;72.5;3;
2019-11-27;10.4;27.2;65.5;2.9;
2019-11-28;0;28.6;56;2.7;
2019-11-29;0;31;45.2;2.3;
2019-11-30;0;31.7;41.7;2.3;
2019-12-01;0;31.1;33.1;2.5;
2019-12-02;0;30.9;28;1.6;
2019-12-03;0;31;39.2;1.8;
2019-12-04;6.8;29.7;48.1;2.5;
2019-12-05;.2;29.5;41.3;2.4;
2019-12-06;0;29.4;36.8;1.7;
2019-12-07;0;30.4;42.3;1.7;
2019-12-08;5;27.4;62;2;
2019-12-09;10.4;26.9;65.9;2.3;
2019-12-10;0;28;54.6;2.4;
2019-12-11;0;29;48.1;2.2;
2019-12-12;0;29.7;45;2.1;
2019-12-13;0;30.5;39.8;2.6;
2019-12-14;0;30.8;36;3.4;
2019-12-15;0;30.3;41.8;3.4;
2019-12-16;0;29.8;39.9;3;
2019-12-17;0;29.9;42.5;2.7;
2019-12-18;0;30.1;45.5;2.1;
2019-12-19;0;30.8;37.3;2.9;
2019-12-20;0;30.5;40.3;3.2;
2019-12-21;0;30.9;40;2.8;
2019-12-22;0;31.1;35.8;2.5;
2019-12-23;0;30.7;34.1;2.4;
2019-12-24;0;31.3;35.9;2.7;
2019-12-25;0;32;37.6;2.7;
2019-12-26;0;31.1;39.9;3.3;
2019-12-27;0;30.8;37.3;3.2;
2019-12-28;0;29.6;45.5;3;
2019-12-29;0;29.1;48.9;2.6;
2019-12-30;6.4;26.7;65.5;2.6;
2019-12-31;3.6;25.7;72;2.2;
2020-01-01;28.4;24.3;82.2;1.6;
2020-01-02;19.8;26.1;75.5;1.4;
2020-01-03;28;24.4;80.9;1.2;
2020-01-04;0;25.5;75.8;2;
2020-01-05;7.8;24.6;78.5;1.7;
2020-01-06;0;25.4;76.2;1.3;
2020-01-07;17.6;26.8;73.5;1.2;
2020-01-08;0;27.2;70.5;1.5;
2020-01-09;0;26.8;73.2;1.7;
2020-01-10;41.2;26.2;72.9;1.9;
2020-01-11;0;26.9;68.8;1.5;
2020-01-12;0;27.2;67.2;1.3;
2020-01-13;0;27.7;62.9;1.8;
2020-01-14;0;28.8;60.2;1.5;
2020-01-15;0;28.5;53.4;1.9;
2020-01-16;0;28.3;51.3;2.1;
2020-01-17;0;28.7;53.1;1.6;
2020-01-18;0;29.3;52.8;1.8;
2020-01-19;0;29.5;46.8;2.6;
2020-01-20;0;28.4;57.3;1.4;
2020-01-21;0;27.7;65.4;1.5;
2020-01-22;0;24.2;82.9;1.7;
2020-01-23;13;22.5;89.9;1.6;
2020-01-24;25.6;22.5;91.4;1.2;
2020-01-25;8.4;26.4;76.2;1.2;
2020-01-26;13.8;24.1;86.6;2;
2020-01-27;39.8;24.8;79.8;1.2;
2020-01-28;0;25.4;79.6;1.6;
2020-01-29;.4;26.4;72.8;1.8;
2020-01-30;0;26.1;65.6;2.2;
2020-01-31;0;26.3;65;1.8;
2020-02-01;0;26.8;64.8;1.4;
2020-02-02;0;26.1;73.3;1.2;
2020-02-03;0;25.4;80.1;1.5;
2020-02-04;0;25;80.7;1.5;
2020-02-05;1.8;25;81.6;1.4;
2020-02-06;11.4;24.7;83.3;1.3;
2020-02-07;4.4;25.9;77.2;1.3;
2020-02-08;0;25.2;77.5;1.7;
2020-02-09;0;26.1;74.7;1.7;
2020-02-10;0;27.4;69.1;1.5;
2020-02-11;0;27.7;68.9;1.9;
2020-02-12;0;27.7;57.1;1.8;
2020-02-13;0;26.6;62.9;1.5;
2020-02-14;0;27.1;70.1;1.1;
2020-02-15;0;26.5;74.7;1.8;
2020-02-16;2.4;26.8;68.7;1.7;
2020-02-17;0;27.1;61.5;1.9;
2020-02-18;0;27.2;63.4;1.8;
2020-02-19;0;28.1;63.5;2.2;
2020-02-20;0;27.9;60.8;1.8;
2020-02-21;0;27.4;62;1.8;
2020-02-22;0;27.4;69.4;1.2;
2020-02-23;9;27.4;72.8;1.4;
2020-02-24;.2;28.1;64;2;
2020-02-25;0;27.9;59.3;1.7;
2020-02-26;0;28.8;55.5;1.5;
2020-02-27;0;28.6;61.7;1.5;
2020-02-28;0;28.1;66.5;1.5;
2020-02-29;71.2;26.4;77.2;1.6;
2020-03-01;.2;26.6;76.6;1.7;
2020-03-02;.2;25.3;82.6;1.3;
2020-03-03;27.2;23.7;91.5;1;
2020-03-04;16.2;25.8;81.3;1.3;
2020-03-05;51.8;23.6;91.5;.9;
2020-03-06;11.4;25.6;81.8;1.2;
2020-03-07;.2;25.9;79.4;1.5;
2020-03-08;0;26.2;80.6;1.6;
2020-03-09;21.4;26.2;78.2;1.8;
2020-03-10;2;27;76.8;1.5;
2020-03-11;38.8;25.2;84;1.1;
2020-03-12;13.2;26.9;75.7;1.4;
2020-03-13;0;26.5;74.5;1.9;
2020-03-14;0;26;73.9;2.3;
2020-03-15;0;26;70.2;2.2;
2020-03-16;0;25.8;73.8;1.9;
2020-03-17;0;25.4;78;1.2;
2020-03-18;0;25.9;79.1;1.5;
2020-03-19;16.6;24.7;86.5;1.3;
2020-03-20;2.2;24.8;87.5;.9;
2020-03-21;25.6;25.6;83.6;1.5;
2020-03-22;0;25.9;83.8;1.1;
2020-03-23;11.8;26;83.7;1.1;
2020-03-24;38.6;25.3;84.2;1.6;
2020-03-25;3.2;24.8;81;1.4;
2020-03-26;0;26.5;77.3;1.3;
2020-03-27;0;26.7;71.3;1.9;
2020-03-28;0;26.8;73;2.3;
2020-03-29;0;27.1;69.5;2.6;
2020-03-30;0;26.9;71.1;2.4;
2020-03-31;0;27.2;72.3;2.2;
2020-04-01;0;27.2;74.5;1.9;
2020-04-02;7.6;26.1;78;1.3;
2020-04-03;.2;26.9;74.4;1.3;
2020-04-04;0;27.8;76.3;1.3;
2020-04-05;0;28.3;78.4;1.4;
2020-04-06;0;27.9;76.5;1.4;
2020-04-07;0;27.9;75.8;1.9;
2020-04-08;null;null;74.5;1.3;
2020-04-09;null;null;74.8;null;
2020-04-10;null;null;76.9;null;
2020-04-11;null;null;78.5;null;
2020-04-12;0;27.8;78.5;1.5;
2020-04-13;0;26.6;80.6;1.6;
2020-04-14;22.6;25.8;83.2;1.4;
2020-04-15;4.6;26.1;82.2;1;
2020-04-16;1.8;27.3;80.5;1.3;
2020-04-17;0;27.5;78.2;1.8;
2020-04-18;.2;26.6;80.3;1.5;
2020-04-19;20.6;27.1;80.4;1.8;
2020-04-20;.2;27.3;76.3;2.3;
2020-04-21;0;27.3;73.7;2.2;
2020-04-22;0;27.6;74.5;1.9;
2020-04-23;0;26.8;75.3;1.8;
2020-04-24;0;27.3;73.4;2.7;
2020-04-25;null;null;65.8;null;
2020-04-26;0;27.6;70.2;2.8;
2020-04-27;0;27.2;72.3;2.9;
2020-04-28;0;26.6;71;3.2;
2020-04-29;0;26.5;72;3.5;
2020-04-30;0;27;69.8;2.6;
2020-05-01;0;26.8;75.7;1.9;
2020-05-02;0;27.2;76.3;1.5;
2020-05-03;0;27.3;74.9;1.2;
2020-05-04;0;27.6;73.8;1.8;
2020-05-05;0;26.9;70.7;2.6;
2020-05-06;0;27;71.9;2.1;
2020-05-07;0;27.6;73.7;1.6;
2020-05-08;0;27.8;74.6;1.4;
2020-05-09;0;27.3;70.1;3.6;
2020-05-10;0;26.3;67.1;3.8;
2020-05-11;0;26.6;70.4;3;
2020-05-12;0;27.6;70;3.1;
2020-05-13;0;27.8;71.6;2.4;
2020-05-14;0;27.5;73.4;2.1;
2020-05-15;0;27.6;73.2;2.1;
2020-05-16;0;27.3;73.1;1.6;
2020-05-17;0;27.2;74.2;1.3;
2020-05-18;0;27.8;71.6;2.2;
2020-05-19;0;27.8;71.8;3;
2020-05-20;0;26.8;69.2;4.5;
2020-05-21;0;27.1;69.5;3.2;
2020-05-22;0;28.2;69.8;2.3;
2020-05-23;0;27.2;71.5;2.1;
2020-05-24;0;27;69.8;2.1;
2020-05-25;0;26.6;70.9;1.3;
2020-05-26;0;26.5;73.8;1.3;
2020-05-27;null;null;74.6;1;
2020-05-28;null;null;73.6;null;
2020-05-29;null;null;65.8;null;
2020-05-30;0;25.5;65.9;2.5;
2020-05-31;0;26;67.1;2;
2020-06-01;null;null;66.5;null;
2020-06-02;null;null;66.8;null;
2020-06-03;null;null;68.1;null;
2020-06-04;null;null;67.2;null;
2020-06-05;null;null;64.6;3.7;
2020-06-06;0;26.5;65.6;3.4;
2020-06-07;0;27;64.9;2.5;
2020-06-08;0;26.5;66.8;2.5;
2020-06-09;0;25.4;67.7;1.8;
2020-06-10;0;26.7;65.8;2.3;
2020-06-11;0;26.9;65.5;2.5;
2020-06-12;0;26.3;64;2.6;
2020-06-13;0;27.2;61.9;2.3;
2020-06-14;null;null;64;3.6;
2020-06-15;0;null;64.7;3.8;
2020-06-16;null;null;60.3;null;
2020-06-17;0;26;59.1;3.6;
2020-06-18;0;25.4;61.7;3.1;
2020-06-19;0;26;61.6;2.4;
2020-06-20;0;26.2;61.1;3.9;
2020-06-21;0;24.8;62.4;3.6;
2020-06-22;0;25.9;62;2.8;
2020-06-23;null;null;63.6;null;
2020-06-24;0;25.7;59.5;3.6;
2020-06-25;0;26;64;3.2;
2020-06-26;0;26.1;65.3;2.6;
2020-06-27;0;25.2;62.7;1.9;
2020-06-28;0;25.6;62;2.6;
2020-06-29;0;25.4;56.8;3.2;
2020-06-30;0;25.1;61.8;1.9;
2020-07-01;null;null;61.5;null;
2020-07-02;null;null;61.5;null;
2020-07-03;null;null;58.5;null;
2020-07-04;null;null;57;null;
2020-07-05;null;null;null;null;
2020-07-06;null;null;null;null;
2020-07-07;null;null;null;null;
2020-07-08;null;null;null;null;
2020-07-09;null;null;null;null;
2020-07-10;null;null;null;null;
2020-07-11;null;null;null;null;
2020-07-12;null;null;null;null;
2020-07-13;null;null;null;null;
2020-07-14;null;null;null;null;
2020-07-15;null;null;null;null;
2020-07-16;null;null;null;null;
2020-07-17;null;null;null;null;
2020-07-18;null;null;null;null;
2020-07-19;null;null;null;null;
2020-07-20;null;null;57.6;null;
2020-07-21;null;null;null;null;
2020-07-22;null;null;null;null;
2020-07-23;0;25.4;59.7;2.7;
2020-07-24;null;null;57.7;2.6;
2020-07-25;null;null;null;null;
2020-07-26;null;null;null;null;
2020-07-27;null;null;null;null;
2020-07-28;null;25.9;55.6;2.9;
2020-07-29;0;26;59;2.6;
2020-07-30;0;25.8;54.8;3.1;
2020-07-31;0;25;54.3;3;
2020-08-01;0;25.8;57.4;3.1;
2020-08-02;0;25.7;54.3;3.2;
2020-08-03;0;25.3;53.7;3.4;
2020-08-04;0;24.3;59;3.4;
2020-08-05;null;null;null;null;
2020-08-06;null;null;null;null;
2020-08-07;null;null;52.9;null;
2020-08-08;0;25.2;57.3;2.5;
2020-08-09;0;26.2;57.5;3;
2020-08-10;0;26.1;58.7;2.6;
2020-08-11;0;null;57.9;2.3;
2020-08-12;null;null;57.2;1.9;
2020-08-13;null;null;51;null;
2020-08-14;0;26.5;56.1;2.3;
2020-08-15;0;26.5;54.4;2;
2020-08-16;0;27.1;54.9;2.1;
2020-08-17;0;27.5;53.5;2.2;
2020-08-18;0;26.8;53;2.8;
2020-08-19;0;26.8;53.5;2.2;
2020-08-20;0;27.1;53.1;2.1;
2020-08-21;0;27.4;56.1;2.1;
2020-08-22;null;null;53.4;2.1;
2020-08-23;0;27.5;54.1;2.4;
2020-08-24;0;27.6;56.6;2.4;
2020-08-25;0;27.5;56.5;2.3;
2020-08-26;0;26.7;54.7;2.3;
2020-08-27;0;26.5;51.6;2.3;
2020-08-28;0;26.9;48.3;2.4;
2020-08-29;0;27.4;50.6;2.5;
2020-08-30;0;27.9;53.4;2.2;
2020-08-31;0;27.9;50.1;3.9;
2020-09-01;0;27.3;53;3.6;
2020-09-02;0;26.4;55.3;3.8;
2020-09-03;0;25.8;55.1;3;
2020-09-04;0;27.2;51;3;
2020-09-05;0;27.2;49.4;3.4;
2020-09-06;0;26.4;53.8;2.8;
2020-09-07;0;27.2;52.1;3;
2020-09-08;0;28;56;2.9;
2020-09-09;0;27.7;53.6;2.8;
2020-09-10;0;28.1;52.5;2.7;
2020-09-11;0;27.2;49.5;3.4;
2020-09-12;0;27;46.5;3.9;
2020-09-13;0;27;51.6;3.6;
2020-09-14;0;25.9;59;3;
2020-09-15;0;26.9;57.8;3.5;
2020-09-16;0;27.8;55.3;3;
2020-09-17;0;27.3;56.4;2.9;
2020-09-18;0;27.7;51;2.9;
2020-09-19;0;28.2;51.5;2.5;
2020-09-20;0;28.4;51;2.3;
2020-09-21;0;28.4;53.9;2.4;
2020-09-22;0;28.7;55.5;2.4;
2020-09-23;0;29.1;57.1;2.8;
2020-09-24;0;28.7;56;3.3;
2020-09-25;0;27.8;55.8;3.4;
2020-09-26;0;28;54;3;
2020-09-27;0;27.7;53.4;2.1;
2020-09-28;0;28.3;54.4;2.1;
2020-09-29;0;29.6;52.9;2.2;
2020-09-30;0;29.2;52.7;2.8;
2020-10-01;0;28.8;51.1;3.4;
2020-10-02;0;28.6;50.1;2.9;
2020-10-03;0;28.3;50;2.2;
2020-10-04;0;29.2;52.2;2;
2020-10-05;0;29.3;48.8;2.8;
2020-10-06;0;28.9;48.9;3;
2020-10-07;0;29.1;47.8;2.5;
2020-10-08;0;28.8;47.3;1.8;
2020-10-09;0;29.5;51.3;2.3;
2020-10-10;0;30.4;53.7;1.9;
2020-10-11;21.4;29;60.4;2.4;
2020-10-12;4.8;28.3;63.3;2.7;
2020-10-13;0;28.9;54.3;2.8;
2020-10-14;0;29.1;49.1;2.7;
2020-10-15;0;28.6;53.4;2;
2020-10-16;0;30.5;48.2;2.2;
2020-10-17;0;29.5;50;2.8;
2020-10-18;0;29.7;53.8;2.7;
2020-10-19;0;29.4;59.2;2.9;
2020-10-20;0;29.5;58.4;2.9;
2020-10-21;0;29.1;53.4;2.6;
2020-10-22;0;29.1;57.6;2.3;
2020-10-23;0;30;57.1;2.8;
2020-10-24;0;29.2;57.2;2.6;
2020-10-25;0;29;61.2;2;
2020-10-26;1.2;28.6;64.8;1.7;
2020-10-27;1.2;26.1;71.7;2.2;
2020-10-28;2;28.2;70.2;1.5;
2020-10-29;3;28.1;72;2.2;
2020-10-30;.2;28.6;68.8;2.4;
2020-10-31;0;28.9;67;2.5;
2020-11-01;0;28.1;71.3;1.9;
2020-11-02;14.6;25.8;77.3;2.2;
2020-11-03;12.6;27.9;74.8;1.8;
2020-11-04;34.8;25.7;79;1.3;
2020-11-05;7.6;27.8;74.5;1.5;
2020-11-06;0;28.1;70.8;2.3;
2020-11-07;0;28.1;70.2;2.4;
2020-11-08;0;28.7;67.4;2.7;
2020-11-09;0;27.9;64.2;3.1;
2020-11-10;0;27.3;65.7;2.5;
2020-11-11;0;27.9;64.7;2.3;
2020-11-12;0;27.5;67;2.3;
2020-11-13;0;28.2;67.3;2.2;
2020-11-14;0;28.3;69.2;2.1;
2020-11-15;0;28.5;67.4;2.3;
2020-11-16;0;28;66.4;2.1;
2020-11-17;0;28.2;67.4;1.9;
2020-11-18;0;27.7;70.6;2;
2020-11-19;3.4;25.7;78.5;1.4;
2020-11-20;68.2;26.6;76;1.3;
2020-11-21;59.6;25.9;79.3;1;
2020-11-22;24.6;27.1;75.2;2.1;
2020-11-23;.2;27;70.6;2;
2020-11-24;0;27.1;69.3;2.4;
2020-11-25;0;27.1;63;2.9;
2020-11-26;0;26.8;66;2.4;
2020-11-27;0;26.9;68;2.6;
2020-11-28;0;26.8;65.7;3.2;
2020-11-29;0;26.9;66.3;2.5;
2020-11-30;0;26.9;67.8;2.4;
2020-12-01;0;27.7;68.7;2;
2020-12-02;0;27.6;69.1;1.9;
2020-12-03;0;27.8;69.7;2.1;
2020-12-04;0;28.1;69.5;1.9;
2020-12-05;0;null;70.9;null;
2020-12-06;null;null;null;null;
2020-12-07;null;null;null;null;
2020-12-08;null;null;null;null;
2020-12-09;null;null;null;null;
2020-12-10;null;null;null;null;
2020-12-11;null;null;null;null;
2020-12-12;null;null;null;null;
2020-12-13;null;null;null;null;
2020-12-14;null;null;null;null;
2020-12-15;null;null;null;null;
2020-12-16;null;null;null;null;
2020-12-17;null;null;null;null;
2020-12-18;null;null;null;null;
2020-12-19;null;null;null;null;
2020-12-20;null;null;null;null;
2020-12-21;null;null;null;null;
2020-12-22;null;null;null;null;
2020-12-23;null;null;null;null;
2020-12-24;null;null;null;null;
2020-12-25;null;null;null;null;
2020-12-26;null;null;null;null;
2020-12-27;null;null;null;null;
2020-12-28;null;null;null;null;
2020-12-29;null;null;null;null;
2020-12-30;null;null;null;null;
2020-12-31;null;null;null;null;
2021-01-01;null;null;null;null;
2021-01-02;null;null;null;null;
2021-01-03;null;null;null;null;
2021-01-04;null;null;null;null;
2021-01-05;null;null;null;null;
2021-01-06;null;null;null;null;
2021-01-07;null;null;null;null;
2021-01-08;null;null;null;null;
2021-01-09;null;null;null;null;
2021-01-10;null;null;null;null;
2021-01-11;null;null;null;null;
2021-01-12;null;null;null;null;
2021-01-13;null;null;null;null;
2021-01-14;null;27.8;70.7;1.8;
2021-01-15;null;27.5;68.8;2.1;
2021-01-16;null;27.6;66.4;1.9;
2021-01-17;null;28.3;61.1;2.5;
2021-01-18;null;28.5;57.3;2.3;
2021-01-19;null;28.9;57.2;2.5;
2021-01-20;null;null;58.4;2.5;
2021-01-21;null;null;58.2;2.4;
2021-01-22;null;null;null;null;
2021-01-23;null;null;56;3;
2021-01-24;null;null;58.5;null;
2021-01-25;null;null;55.7;null;
2021-01-26;null;null;51.2;null;
2021-01-27;null;null;53;null;
2021-01-28;null;null;54;null;
2021-01-29;null;null;52.1;null;
2021-01-30;null;null;54.7;null;
2021-01-31;null;null;56.3;null;
2021-02-01;null;null;58.3;null;
2021-02-02;null;null;61.5;null;
2021-02-03;null;null;59.7;null;
2021-02-04;null;null;59.2;null;
2021-02-05;null;null;64.6;null;
2021-02-06;null;null;null;null;
2021-02-07;null;null;null;null;
2021-02-08;null;null;null;null;
2021-02-09;null;null;77;null;
2021-02-10;null;27;71.3;1.6;
2021-02-11;null;null;62.6;2.4;
2021-02-12;null;null;null;null;
2021-02-13;null;null;null;null;
2021-02-14;null;null;null;null;
2021-02-15;null;null;null;null;
2021-02-16;null;null;null;null;
2021-02-17;null;null;null;null;
2021-02-18;null;null;null;null;
2021-02-19;null;null;null;null;
2021-02-20;null;null;null;null;
2021-02-21;null;null;null;null;
2021-02-22;null;null;null;null;
2021-02-23;null;null;null;null;
2021-02-24;null;null;null;null;
2021-02-25;null;null;null;null;
2021-02-26;null;null;null;null;
2021-02-27;null;null;null;null;
2021-02-28;null;null;null;null;
2021-03-01;null;null;null;null;
2021-03-02;null;null;null;null;
2021-03-03;null;null;null;null;
2021-03-04;null;null;null;null;
2021-03-05;null;null;null;null;
2021-03-06;null;null;null;null;
2021-03-07;null;null;null;null;
2021-03-08;null;null;null;null;
2021-03-09;null;null;null;null;
2021-03-10;null;null;null;null;
2021-03-11;null;null;null;null;
2021-03-12;null;null;null;null;
2021-03-13;null;null;null;null;
2021-03-14;null;null;null;null;
2021-03-15;null;null;null;null;
2021-03-16;null;null;null;null;
2021-03-17;null;null;null;null;
2021-03-18;null;null;null;null;
2021-03-19;null;null;null;null;
2021-03-20;null;null;null;null;
2021-03-21;null;null;null;null;
2021-03-22;null;null;57.2;null;
2021-03-23;null;null;null;null;
2021-03-24;null;null;null;null;
2021-03-25;null;null;null;null;
2021-03-26;null;null;null;null;
2021-03-27;null;null;null;null;
2021-03-28;null;null;null;null;
2021-03-29;null;null;null;null;
2021-03-30;null;null;null;null;
2021-03-31;null;null;null;null;
2021-04-01;null;null;null;null;
2021-04-02;null;null;null;null;
2021-04-03;null;null;null;null;
2021-04-04;null;null;null;null;
2021-04-05;null;null;null;null;
2021-04-06;null;null;null;null;
2021-04-07;null;null;null;null;
2021-04-08;null;null;null;null;
2021-04-09;null;null;null;null;
2021-04-10;null;null;null;null;
2021-04-11;null;null;null;null;
2021-04-12;null;null;null;null;
2021-04-13;null;null;null;null;
2021-04-14;null;null;null;null;
2021-04-15;null;null;null;null;
2021-04-16;null;null;null;null;
2021-04-17;null;null;null;null;
2021-04-18;null;null;null;null;
2021-04-19;null;null;null;null;
2021-04-20;null;null;null;null;
2021-04-21;null;null;null;null;
2021-04-22;null;null;null;null;
2021-04-23;null;null;null;null;
2021-04-24;null;null;null;null;
2021-04-25;null;null;null;null;
2021-04-26;null;null;null;null;
2021-04-27;null;null;null;null;
2021-04-28;null;null;null;null;
2021-04-29;null;null;null;null;
2021-04-30;null;null;null;null;
2021-05-01;null;null;null;null;
2021-05-02;null;null;null;null;
2021-05-03;null;null;null;null;
2021-05-04;null;null;null;null;
2021-05-05;null;null;null;null;
2021-05-06;null;null;null;null;
2021-05-07;null;null;null;null;
2021-05-08;null;null;null;null;
2021-05-09;null;null;null;null;
2021-05-10;null;null;null;null;
2021-05-11;null;null;null;null;
2021-05-12;null;null;null;null;
2021-05-13;null;null;null;null;
2021-05-14;null;null;null;null;
2021-05-15;null;null;null;null;
2021-05-16;null;null;null;null;
2021-05-17;null;null;null;null;
2021-05-18;null;null;null;null;
2021-05-19;null;null;null;null;
2021-05-20;null;null;null;null;
2021-05-21;null;null;null;null;
2021-05-22;null;null;null;null;
2021-05-23;null;null;null;null;
2021-05-24;null;null;null;null;
2021-05-25;null;null;39.1;null;
2021-05-26;null;null;null;null;
2021-05-27;null;null;null;null;
2021-05-28;null;null;null;null;
2021-05-29;null;null;null;null;
2021-05-30;null;null;null;null;
2021-05-31;null;null;null;null;
2021-06-01;null;null;null;null;
2021-06-02;null;null;null;null;
2021-06-03;null;null;null;null;
2021-06-04;null;null;null;null;
2021-06-05;null;null;null;null;
2021-06-06;null;null;null;null;
2021-06-07;null;null;null;null;
2021-06-08;null;null;null;null;
2021-06-09;null;null;null;null;
2021-06-10;null;null;null;null;
2021-06-11;null;null;null;null;
2021-06-12;null;null;null;null;
2021-06-13;null;null;null;null;
2021-06-14;null;null;null;null;
2021-06-15;null;null;null;null;
2021-06-16;null;null;null;null;
2021-06-17;null;null;null;null;
2021-06-18;null;null;null;null;
2021-06-19;null;null;null;null;
2021-06-20;null;null;null;null;
2021-06-21;null;null;null;null;
2021-06-22;null;null;null;null;
2021-06-23;null;null;null;null;
2021-06-24;null;null;null;null;
2021-06-25;null;null;null;null;
2021-06-26;null;null;null;null;
2021-06-27;null;null;null;null;
2021-06-28;null;null;null;null;
2021-06-29;null;null;null;null;
2021-06-30;null;null;null;null;
2021-07-01;null;null;null;null;
2021-07-02;null;null;null;null;
2021-07-03;null;null;null;null;
2021-07-04;null;null;null;null;
2021-07-05;null;null;null;null;
2021-07-06;null;null;null;null;
2021-07-07;null;null;null;null;
2021-07-08;null;null;null;null;
2021-07-09;null;null;null;null;
2021-07-10;null;null;null;null;
2021-07-11;null;null;null;null;
2021-07-12;null;null;null;null;
2021-07-13;null;null;null;null;
2021-07-14;null;null;null;null;
2021-07-15;null;null;null;null;
2021-07-16;null;null;null;null;
2021-07-17;null;null;null;null;
2021-07-18;null;null;null;null;
2021-07-19;null;null;null;null;
2021-07-20;null;null;null;null;
2021-07-21;null;null;null;null;
2021-07-22;null;null;null;null;
2021-07-23;null;null;null;null;
2021-07-24;null;null;null;null;
2021-07-25;null;null;null;null;
2021-07-26;null;null;null;null;
2021-07-27;null;null;null;null;
2021-07-28;null;null;null;null;
2021-07-29;null;null;null;null;
2021-07-30;null;null;null;null;
2021-07-31;null;null;null;null;
2021-08-01;null;null;null;null;
2021-08-02;null;null;null;null;
2021-08-03;null;null;null;null;
2021-08-04;null;null;null;null;
2021-08-05;null;null;null;null;
2021-08-06;null;null;null;null;
2021-08-07;null;null;null;null;
2021-08-08;null;null;null;null;
2021-08-09;null;null;null;null;
2021-08-10;null;null;null;null;
2021-08-11;null;null;null;null;
2021-08-12;null;null;null;null;
2021-08-13;null;null;null;null;
2021-08-14;null;null;null;null;
2021-08-15;null;null;null;null;
2021-08-16;null;null;null;null;
2021-08-17;null;null;null;null;
2021-08-18;null;null;null;null;
2021-08-19;null;null;null;null;
2021-08-20;null;null;null;null;
2021-08-21;null;null;null;null;
2021-08-22;null;null;null;null;
2021-08-23;null;null;null;null;
2021-08-24;null;null;null;null;
2021-08-25;null;null;null;null;
2021-08-26;null;null;null;null;
2021-08-27;null;null;null;null;
2021-08-28;null;null;null;null;
2021-08-29;null;null;null;null;
2021-08-30;null;null;null;null;
2021-08-31;null;null;null;null;
2021-09-01;null;null;null;null;
2021-09-02;null;null;null;null;
2021-09-03;null;null;null;null;
2021-09-04;null;null;null;null;
2021-09-05;null;null;null;null;
2021-09-06;null;null;null;null;
2021-09-07;null;null;null;null;
2021-09-08;null;null;null;null;
2021-09-09;null;null;null;null;
2021-09-10;null;null;null;null;
2021-09-11;null;null;null;null;
2021-09-12;null;null;null;null;
2021-09-13;null;null;null;null;
2021-09-14;null;null;null;null;
2021-09-15;null;null;null;null;
2021-09-16;null;null;null;null;
2021-09-17;null;null;null;null;
2021-09-18;null;null;null;null;
2021-09-19;null;null;null;null;
2021-09-20;null;null;null;null;
2021-09-21;null;null;null;null;
2021-09-22;null;null;null;null;
2021-09-23;null;null;null;null;
2021-09-24;null;null;null;null;
2021-09-25;null;null;null;null;
2021-09-26;null;null;null;null;
2021-09-27;null;null;null;null;
2021-09-28;null;null;null;null;
2021-09-29;null;null;null;null;
2021-09-30;null;null;null;null;
2021-10-01;null;null;null;null;
2021-10-02;null;null;null;null;
2021-10-03;null;null;null;null;
2021-10-04;null;null;null;null;
2021-10-05;null;null;null;null;
2021-10-06;null;null;null;null;
2021-10-07;null;null;null;null;
2021-10-08;null;null;null;null;
2021-10-09;null;null;null;null;
2021-10-10;null;null;null;null;
2021-10-11;null;null;null;null;
2021-10-12;null;null;null;null;
2021-10-13;null;null;null;null;
2021-10-14;null;null;null;null;
2021-10-15;null;null;null;null;
2021-10-16;null;null;null;null;
2021-10-17;null;null;null;null;
2021-10-18;null;null;null;null;
2021-10-19;null;null;null;null;
2021-10-20;null;null;null;null;
2021-10-21;null;null;null;null;
2021-10-22;null;null;null;null;
2021-10-23;null;null;null;null;
2021-10-24;null;null;null;null;
2021-10-25;null;null;null;null;
2021-10-26;null;null;null;null;
2021-10-27;null;null;null;null;
2021-10-28;null;null;null;null;
2021-10-29;null;null;null;null;
2021-10-30;null;null;null;null;
2021-10-31;null;null;null;null;
2021-11-01;null;null;null;null;
2021-11-02;null;null;null;null;
2021-11-03;null;null;null;null;
2021-11-04;null;null;null;null;
2021-11-05;null;null;null;null;
2021-11-06;null;null;null;null;
2021-11-07;null;null;null;null;
2021-11-08;null;null;null;null;
2021-11-09;null;null;null;null;
2021-11-10;null;null;null;null;
2021-11-11;null;null;null;null;
2021-11-12;null;null;null;null;
2021-11-13;null;null;null;null;
2021-11-14;null;null;null;null;
2021-11-15;null;null;null;null;
2021-11-16;null;null;null;null;
2021-11-17;null;null;null;null;
2021-11-18;null;null;null;null;
2021-11-19;null;null;null;null;
2021-11-20;null;null;null;null;
2021-11-21;null;null;null;null;
2021-11-22;null;null;null;null;
2021-11-23;null;null;null;null;
2021-11-24;null;null;null;null;
2021-11-25;null;null;null;null;
2021-11-26;null;null;null;null;
2021-11-27;null;null;null;null;
2021-11-28;null;null;null;null;
2021-11-29;null;null;null;null;
2021-11-30;null;null;null;null;
2021-12-01;null;null;null;null;
2021-12-02;null;null;null;null;
2021-12-03;null;null;null;null;
2021-12-04;null;null;null;null;
2021-12-05;null;null;null;null;
2021-12-06;null;null;null;null;
2021-12-07;null;null;null;null;
2021-12-08;null;null;null;null;
2021-12-09;null;null;null;null;
2021-12-10;null;null;null;null;
2021-12-11;null;null;null;null;
2021-12-12;null;null;null;null;
2021-12-13;null;null;null;null;
2021-12-14;null;null;null;null;
2021-12-15;null;null;null;null;
2021-12-16;null;null;null;null;
2021-12-17;null;null;null;null;
2021-12-18;null;null;null;null;
2021-12-19;null;null;null;null;
2021-12-20;null;null;null;null;
2021-12-21;null;null;null;null;
2021-12-22;null;null;null;null;
2021-12-23;null;null;null;null;
2021-12-24;null;null;null;null;
2021-12-25;null;null;null;null;
2021-12-26;null;null;null;null;
2021-12-27;null;null;null;null;
2021-12-28;null;null;null;null;
2021-12-29;null;null;null;null;
2021-12-30;null;null;null;null;
2021-12-31;null;null;null;null;
2022-01-01;null;null;null;null;
2022-01-02;null;null;null;null;
2022-01-03;null;null;null;null;
2022-01-04;null;null;null;null;
2022-01-05;null;null;null;null;
2022-01-06;null;null;null;null;
2022-01-07;null;null;null;null;
2022-01-08;null;null;null;null;
2022-01-09;null;null;null;null;
2022-01-10;null;null;null;null;
2022-01-11;null;null;null;null;
2022-01-12;null;null;null;null;
2022-01-13;null;null;null;null;
2022-01-14;null;null;null;null;
2022-01-15;null;null;null;null;
2022-01-16;null;null;null;null;
2022-01-17;null;null;null;null;
2022-01-18;null;null;null;null;
2022-01-19;null;null;null;null;
2022-01-20;null;null;null;null;
2022-01-21;null;null;null;null;
2022-01-22;null;null;null;null;
2022-01-23;null;null;null;null;
2022-01-24;null;null;null;null;
2022-01-25;null;null;null;null;
2022-01-26;null;null;null;null;
2022-01-27;null;null;null;null;
2022-01-28;null;null;null;null;
2022-01-29;null;null;null;null;
2022-01-30;null;null;null;null;
2022-01-31;null;null;null;null;
2022-02-01;null;null;null;null;
2022-02-02;null;null;null;null;
2022-02-03;null;null;null;null;
2022-02-04;null;null;null;null;
2022-02-05;null;null;null;null;
2022-02-06;null;null;null;null;
2022-02-07;null;null;null;null;
2022-02-08;null;null;null;null;
2022-02-09;null;null;null;null;
2022-02-10;null;null;null;null;
2022-02-11;null;null;null;null;
2022-02-12;null;null;null;null;
2022-02-13;null;null;null;null;
2022-02-14;null;null;null;null;
2022-02-15;null;null;null;null;
2022-02-16;null;null;null;null;
2022-02-17;null;null;null;null;
2022-02-18;null;null;null;null;
2022-02-19;null;null;null;null;
2022-02-20;null;null;null;null;
2022-02-21;null;null;null;null;
2022-02-22;null;null;null;null;
2022-02-23;null;null;null;null;
2022-02-24;null;null;null;null;
2022-02-25;null;null;null;null;
2022-02-26;null;null;null;null;
2022-02-27;null;null;null;null;
2022-02-28;null;null;null;null;
2022-03-01;null;null;null;null;
2022-03-02;null;null;null;null;
2022-03-03;null;null;null;null;
2022-03-04;null;null;null;null;
2022-03-05;null;null;null;null;
2022-03-06;null;null;null;null;
2022-03-07;null;null;null;null;
2022-03-08;null;null;null;null;
2022-03-09;null;null;null;null;
2022-03-10;null;null;null;null;
2022-03-11;null;null;null;null;
2022-03-12;null;null;null;null;
2022-03-13;null;null;null;null;
2022-03-14;null;null;null;null;
2022-03-15;null;null;null;null;
2022-03-16;null;null;null;null;
2022-03-17;null;null;null;null;
2022-03-18;null;null;null;null;
2022-03-19;null;null;null;null;
2022-03-20;null;null;null;null;
2022-03-21;null;null;null;null;
2022-03-22;null;null;null;null;
2022-03-23;null;null;null;null;
2022-03-24;null;null;null;null;
2022-03-25;null;null;null;null;
2022-03-26;null;null;null;null;
2022-03-27;null;null;null;null;
2022-03-28;null;null;null;null;
2022-03-29;null;null;null;null;
2022-03-30;null;null;null;null;
2022-03-31;null;null;null;null;
2022-04-01;null;null;null;null;
2022-04-02;null;null;null;null;
2022-04-03;null;null;null;null;
2022-04-04;null;null;null;null;
2022-04-05;null;null;null;null;
2022-04-06;null;null;null;null;
2022-04-07;null;null;null;null;
2022-04-08;null;null;null;null;
2022-04-09;null;null;null;null;
2022-04-10;null;null;null;null;
2022-04-11;null;null;null;null;
2022-04-12;null;null;null;null;
2022-04-13;null;null;null;null;
2022-04-14;null;null;null;null;
2022-04-15;null;null;null;null;
2022-04-16;null;null;null;null;
2022-04-17;null;null;null;null;
2022-04-18;null;null;null;null;
2022-04-19;null;null;null;null;
2022-04-20;null;null;null;null;
2022-04-21;null;null;null;null;
2022-04-22;null;null;null;null;
2022-04-23;null;null;null;null;
2022-04-24;null;null;null;null;
2022-04-25;null;null;null;null;
2022-04-26;null;null;null;null;
2022-04-27;null;null;null;null;
2022-04-28;null;null;null;null;
2022-04-29;null;null;null;null;
2022-04-30;null;null;null;null;
2022-05-01;null;null;null;null;
2022-05-02;null;null;null;null;
2022-05-03;null;null;null;null;
2022-05-04;null;null;null;null;
2022-05-05;null;null;null;null;
2022-05-06;null;null;null;null;
2022-05-07;null;null;null;null;
2022-05-08;null;null;null;null;
2022-05-09;null;null;null;null;
2022-05-10;null;null;null;null;
2022-05-11;null;null;null;null;
2022-05-12;null;null;null;null;
2022-05-13;null;null;null;null;
2022-05-14;null;null;null;null;
2022-05-15;null;null;null;null;
2022-05-16;null;null;null;null;
2022-05-17;null;null;null;null;
2022-05-18;null;null;null;null;
2022-05-19;null;null;null;null;
2022-05-20;null;null;null;null;
2022-05-21;null;null;null;null;
2022-05-22;null;null;null;null;
2022-05-23;null;null;null;null;
2022-05-24;null;null;null;null;
2022-05-25;null;null;null;null;
2022-05-26;null;null;null;null;
2022-05-27;null;null;null;null;
2022-05-28;null;null;null;null;
2022-05-29;null;null;null;null;
2022-05-30;null;null;null;null;
2022-05-31;null;null;null;null;
2022-06-01;null;null;null;null;
2022-06-02;null;null;null;null;
2022-06-03;null;null;null;null;
2022-06-04;null;null;null;null;
2022-06-05;null;null;null;null;
2022-06-06;null;null;null;null;
2022-06-07;null;null;null;null;
2022-06-08;null;null;null;null;
2022-06-09;null;null;null;null;
2022-06-10;null;null;null;null;
2022-06-11;null;null;null;null;
2022-06-12;null;null;null;null;
2022-06-13;null;null;null;null;
2022-06-14;null;null;null;null;
2022-06-15;null;null;null;null;
2022-06-16;null;null;null;null;
2022-06-17;null;null;null;null;
2022-06-18;null;null;null;null;
2022-06-19;null;null;null;null;
2022-06-20;null;null;null;null;
2022-06-21;null;null;null;null;
2022-06-22;null;null;null;null;
2022-06-23;null;null;null;null;
2022-06-24;null;null;null;null;
2022-06-25;null;null;null;null;
2022-06-26;null;null;null;null;
2022-06-27;null;null;null;null;
2022-06-28;null;null;null;null;
2022-06-29;null;null;null;null;
2022-06-30;null;null;null;null;
2022-07-01;null;null;null;null;
2022-07-02;null;null;null;null;
2022-07-03;null;null;null;null;
2022-07-04;null;null;null;null;
2022-07-05;null;null;null;null;
2022-07-06;null;null;null;null;
2022-07-07;null;null;null;null;
2022-07-08;null;null;null;null;
2022-07-09;null;null;null;null;
2022-07-10;null;null;null;null;
2022-07-11;null;null;null;null;
2022-07-12;null;null;null;null;
2022-07-13;null;null;null;null;
2022-07-14;null;null;null;null;
2022-07-15;null;null;null;null;
2022-07-16;null;null;null;null;
2022-07-17;null;null;null;null;
2022-07-18;null;null;null;null;
2022-07-19;null;null;null;null;
2022-07-20;null;null;null;null;
2022-07-21;null;null;null;null;
2022-07-22;null;null;null;null;
2022-07-23;null;null;null;null;
2022-07-24;null;null;null;null;
2022-07-25;null;null;null;null;
2022-07-26;null;null;null;null;
2022-07-27;null;null;null;null;
2022-07-28;null;null;null;null;
2022-07-29;null;null;null;null;
2022-07-30;null;null;null;null;
2022-07-31;null;null;null;null;
2022-08-01;null;null;null;null;
2022-08-02;null;null;null;null;
2022-08-03;null;null;null;null;
2022-08-04;null;null;null;null;
2022-08-05;null;null;null;null;
2022-08-06;null;null;null;null;
2022-08-07;null;null;null;null;
2022-08-08;null;null;null;null;
2022-08-09;null;null;null;null;
2022-08-10;null;null;null;null;
2022-08-11;null;null;null;null;
2022-08-12;null;null;null;null;
2022-08-13;null;null;null;null;
2022-08-14;null;null;null;null;
2022-08-15;null;null;null;null;
2022-08-16;null;null;null;null;
2022-08-17;null;null;null;null;
2022-08-18;null;null;null;null;
2022-08-19;null;null;null;null;
2022-08-20;null;null;null;null;
2022-08-21;null;null;null;null;
2022-08-22;null;null;null;null;
2022-08-23;null;null;null;null;
2022-08-24;null;null;null;null;
2022-08-25;null;null;null;null;
2022-08-26;null;null;null;null;
2022-08-27;null;null;null;null;
2022-08-28;null;null;null;null;
2022-08-29;null;null;null;null;
2022-08-30;null;null;null;null;
2022-08-31;null;null;null;null;
2022-09-01;null;null;null;null;
2022-09-02;null;null;null;null;
2022-09-03;null;null;null;null;
2022-09-04;null;null;null;null;
2022-09-05;null;null;null;null;
2022-09-06;null;null;null;null;
2022-09-07;null;null;null;null;
2022-09-08;null;null;null;null;
2022-09-09;null;null;null;null;
2022-09-10;null;null;null;null;
2022-09-11;null;null;null;null;
2022-09-12;null;null;null;null;

