Nome: CARANGOLA
Codigo Estacao: A503
Latitude: -20.74166666
Longitude: -42.01749999
Altitude: 399
Situacao: Desativada
Data Inicial: 2002-12-05
Data Final: 2010-09-21
Periodicidade da Medicao: Diaria

Data Medicao;PRECIPITACAO TOTAL, DIARIO (AUT)(mm);TEMPERATURA MEDIA, DIARIA (AUT)(°C);UMIDADE RELATIVA DO AR, MEDIA DIARIA (AUT)(%);VENTO, VELOCIDADE MEDIA DIARIA (AUT)(m/s);
2002-12-05;null;null;null;null;
2002-12-06;null;null;null;null;
2002-12-07;null;null;null;null;
2002-12-08;null;null;null;null;
2002-12-09;null;null;null;null;
2002-12-10;null;null;null;null;
2002-12-11;null;null;null;null;
2002-12-12;null;null;null;null;
2002-12-13;null;null;null;null;
2002-12-14;null;null;null;null;
2002-12-15;null;null;null;null;
2002-12-16;null;null;null;null;
2002-12-17;null;null;null;null;
2002-12-18;null;null;null;null;
2002-12-19;null;null;null;null;
2002-12-20;null;null;null;null;
2002-12-21;null;null;null;null;
2002-12-22;null;null;null;null;
2002-12-23;null;null;null;null;
2002-12-24;null;null;null;null;
2002-12-25;null;null;null;null;
2002-12-26;null;null;null;null;
2002-12-27;null;null;null;null;
2002-12-28;null;null;null;null;
2002-12-29;null;null;null;null;
2002-12-30;null;null;null;null;
2002-12-31;null;null;null;null;
2003-01-01;null;null;null;null;
2003-01-02;null;null;null;null;
2003-01-03;null;null;null;null;
2003-01-04;null;null;null;null;
2003-01-05;null;null;null;null;
2003-01-06;null;null;null;null;
2003-01-07;null;null;null;null;
2003-01-08;null;null;null;null;
2003-01-09;null;null;null;null;
2003-01-10;null;null;null;null;
2003-01-11;null;null;null;null;
2003-01-12;null;null;null;null;
2003-01-13;null;null;null;null;
2003-01-14;null;null;null;null;
2003-01-15;null;null;null;null;
2003-01-16;null;null;null;null;
2003-01-17;null;null;null;null;
2003-01-18;null;null;null;null;
2003-01-19;null;null;null;null;
2003-01-20;null;null;null;null;
2003-01-21;null;null;null;null;
2003-01-22;null;null;null;null;
2003-01-23;null;null;null;null;
2003-01-24;null;null;null;null;
2003-01-25;null;null;null;null;
2003-01-26;null;null;null;null;
2003-01-27;null;null;null;null;
2003-01-28;null;null;null;null;
2003-01-29;null;null;null;null;
2003-01-30;null;null;null;null;
2003-01-31;null;null;null;null;
2003-02-01;null;null;null;null;
2003-02-02;null;null;null;null;
2003-02-03;null;null;null;null;
2003-02-04;null;null;null;null;
2003-02-05;null;null;null;null;
2003-02-06;null;null;null;null;
2003-02-07;null;null;null;null;
2003-02-08;null;null;null;null;
2003-02-09;null;null;null;null;
2003-02-10;null;null;null;null;
2003-02-11;null;null;null;null;
2003-02-12;null;null;null;null;
2003-02-13;null;null;null;null;
2003-02-14;null;null;null;null;
2003-02-15;null;null;null;null;
2003-02-16;null;null;null;null;
2003-02-17;null;null;null;null;
2003-02-18;null;null;null;null;
2003-02-19;null;null;null;null;
2003-02-20;null;null;null;null;
2003-02-21;null;null;null;null;
2003-02-22;null;null;null;null;
2003-02-23;null;null;null;null;
2003-02-24;null;null;null;null;
2003-02-25;null;null;null;null;
2003-02-26;null;null;null;null;
2003-02-27;null;null;null;null;
2003-02-28;null;null;null;null;
2003-03-01;null;null;null;null;
2003-03-02;null;null;null;null;
2003-03-03;null;null;null;null;
2003-03-04;null;null;null;null;
2003-03-05;null;null;null;null;
2003-03-06;null;null;null;null;
2003-03-07;null;null;null;null;
2003-03-08;null;null;null;null;
2003-03-09;null;null;null;null;
2003-03-10;null;null;null;null;
2003-03-11;null;null;null;null;
2003-03-12;null;null;null;null;
2003-03-13;null;null;null;null;
2003-03-14;null;null;null;null;
2003-03-15;null;null;null;null;
2003-03-16;null;null;null;null;
2003-03-17;null;null;null;null;
2003-03-18;null;null;null;null;
2003-03-19;null;null;null;null;
2003-03-20;null;null;null;null;
2003-03-21;null;null;69.6;.8;
2003-03-22;null;25;74;.8;
2003-03-23;0;22.7;84.3;.9;
2003-03-24;3.6;23.7;73.9;.8;
2003-03-25;0;24.1;71.5;.7;
2003-03-26;0;23.6;73.3;1.1;
2003-03-27;0;21.9;78;.7;
2003-03-28;.2;23;73.8;.9;
2003-03-29;0;23.1;72.5;.7;
2003-03-30;0;23.6;70.5;.8;
2003-03-31;0;24.1;74;.7;
2003-04-01;0;24.5;74;.6;
2003-04-02;0;23.9;68;.7;
2003-04-03;0;23.6;72.5;.9;
2003-04-04;0;24.5;71.8;.4;
2003-04-05;0;25.7;68;.8;
2003-04-06;0;24.7;75.6;.6;
2003-04-07;9.8;22.9;81.3;1.1;
2003-04-08;3;22.4;77.4;.6;
2003-04-09;0;24.3;74.1;.6;
2003-04-10;0;25.1;76;.6;
2003-04-11;0;25.9;75;.9;
2003-04-12;0;25.5;78.2;1;
2003-04-13;1.8;20.4;83.8;.9;
2003-04-14;2.4;19.8;82.5;.4;
2003-04-15;.4;20.9;79.5;.5;
2003-04-16;0;null;76.1;.8;
2003-04-17;null;20.8;74;.7;
2003-04-18;0;22.2;73.3;.5;
2003-04-19;0;23.1;70.8;.7;
2003-04-20;0;23.5;68.4;.8;
2003-04-21;0;24.4;75.8;.7;
2003-04-22;8.2;23.5;82.3;.8;
2003-04-23;0;20.5;88.4;.3;
2003-04-24;10.8;22.2;85.7;.5;
2003-04-25;1;22.8;78.1;.5;
2003-04-26;0;24.1;72.8;.7;
2003-04-27;0;23.7;72.8;.7;
2003-04-28;0;23.7;65.4;.7;
2003-04-29;0;23.8;63.5;.7;
2003-04-30;.2;23.4;67.5;.7;
2003-05-01;0;24.4;65.8;.8;
2003-05-02;null;null;57;null;
2003-05-03;2.6;20.7;81.2;.7;
2003-05-04;.2;19.2;74.7;.6;
2003-05-05;0;19.8;73;.7;
2003-05-06;null;null;71.3;.9;
2003-05-07;18;22.8;72.1;.8;
2003-05-08;0;18.2;68.7;.6;
2003-05-09;0;16.6;70.6;.6;
2003-05-10;0;18.2;72.2;.9;
2003-05-11;2.2;20;75.2;.8;
2003-05-12;.4;19.9;79.5;.7;
2003-05-13;.4;20.5;75.5;.7;
2003-05-14;0;19.9;82;.7;
2003-05-15;0;21.2;82.3;1.1;
2003-05-16;1.2;20.7;79.8;.7;
2003-05-17;0;21.8;72.1;.6;
2003-05-18;0;20.8;72;.7;
2003-05-19;0;20.5;73.8;.7;
2003-05-20;0;21.6;78.7;.5;
2003-05-21;0;21.8;78.1;.4;
2003-05-22;.2;22.2;70;.5;
2003-05-23;0;23.7;58.4;1;
2003-05-24;0;25;55.6;.9;
2003-05-25;null;null;75.6;null;
2003-05-26;null;null;null;null;
2003-05-27;null;null;null;null;
2003-05-28;null;null;null;null;
2003-05-29;null;20.5;77.4;.5;
2003-05-30;0;20.9;74.5;1;
2003-05-31;0;19.5;76.8;.5;
2003-06-01;0;20;67.2;.6;
2003-06-02;0;19.8;65.4;.6;
2003-06-03;0;21.6;67.5;.5;
2003-06-04;0;24.3;62.2;1.1;
2003-06-05;null;null;75.2;.4;
2003-06-06;null;null;65.6;.8;
2003-06-07;0;22.8;65.1;.6;
2003-06-08;0;22.5;72.8;.5;
2003-06-09;0;22.9;72.8;.6;
2003-06-10;0;22.4;75.3;.4;
2003-06-11;0;22.3;65.6;.8;
2003-06-12;0;22.5;62;.8;
2003-06-13;0;21.3;70;.8;
2003-06-14;0;21.5;70.8;.5;
2003-06-15;.2;21.1;70.1;.7;
2003-06-16;0;20.2;75.8;.4;
2003-06-17;0;18.6;76.9;.6;
2003-06-18;.2;19.3;68.7;.6;
2003-06-19;0;19.2;63.7;.7;
2003-06-20;0;20.6;59.5;.7;
2003-06-21;0;20.4;66;.5;
2003-06-22;0;20.5;55.6;.9;
2003-06-23;0;19.3;61.7;.9;
2003-06-24;0;20.3;63.6;.8;
2003-06-25;0;19.3;63.2;.8;
2003-06-26;0;19.1;66.4;.6;
2003-06-27;0;18.7;66.5;.6;
2003-06-28;0;19.4;60.9;.7;
2003-06-29;0;19.6;56;.7;
2003-06-30;0;17.8;65.8;.9;
2003-07-01;0;17.9;68.6;.4;
2003-07-02;0;18.3;63.7;.7;
2003-07-03;0;16.9;65.7;.5;
2003-07-04;0;18.2;63.6;.6;
2003-07-05;0;18.7;62.8;.9;
2003-07-06;0;20;57.5;.7;
2003-07-07;0;21.2;51.6;.8;
2003-07-08;0;21;57;.6;
2003-07-09;0;null;59.6;.9;
2003-07-10;null;22.3;53;.7;
2003-07-11;0;24.3;50.6;1.4;
2003-07-12;3.2;18.1;80.1;1.5;
2003-07-13;1.6;16.3;86.8;.9;
2003-07-14;1;17.5;79.7;1.6;
2003-07-15;.2;16.5;76.9;.7;
2003-07-16;0;17.3;73;.6;
2003-07-17;.2;18.2;74;.7;
2003-07-18;0;18.7;72.2;.6;
2003-07-19;0;19.5;68.1;.6;
2003-07-20;0;20.6;60.2;.6;
2003-07-21;0;21.1;60.3;.9;
2003-07-22;0;21.1;56.8;.5;
2003-07-23;0;20.3;63;1;
2003-07-24;0;21.1;62.5;.8;
2003-07-25;0;21.4;63.5;.7;
2003-07-26;0;20.6;64.4;.9;
2003-07-27;0;20;68.9;.5;
2003-07-28;0;18.9;73.9;1.1;
2003-07-29;0;20.6;73.1;1.2;
2003-07-30;0;21;70.5;.5;
2003-07-31;0;21.8;61.4;.5;
2003-08-01;0;20.2;71.7;.8;
2003-08-02;0;19.6;73.3;.8;
2003-08-03;.2;21.1;65.1;1.2;
2003-08-04;0;19;63.4;.6;
2003-08-05;0;20.1;62.2;.7;
2003-08-06;0;24.5;49.8;1.4;
2003-08-07;0;24.1;53;1.1;
2003-08-08;0;21.4;67.7;.8;
2003-08-09;0;23.3;60;.8;
2003-08-10;0;18.9;78.8;1.2;
2003-08-11;.2;16.6;76.2;.9;
2003-08-12;0;17.7;76.5;.6;
2003-08-13;0;null;75.3;.4;
2003-08-14;null;18.7;65;.7;
2003-08-15;0;19.6;66.5;.8;
2003-08-16;18.8;19.6;78.8;.7;
2003-08-17;0;19.8;74.6;1.1;
2003-08-18;0;19.2;64.7;1.2;
2003-08-19;0;19.5;65.1;.7;
2003-08-20;0;19.1;66.4;.6;
2003-08-21;0;18.6;66.8;.5;
2003-08-22;0;19.6;65.8;.6;
2003-08-23;.2;21.3;61;.7;
2003-08-24;0;22.5;58.2;1.1;
2003-08-25;0;24.5;58;1.5;
2003-08-26;18.8;18.7;86.8;.8;
2003-08-27;null;null;null;null;
2003-08-28;null;null;null;null;
2003-08-29;null;null;null;null;
2003-08-30;null;null;null;null;
2003-08-31;null;null;null;null;
2003-09-01;null;null;null;null;
2003-09-02;null;null;null;null;
2003-09-03;null;null;null;null;
2003-09-04;null;null;null;null;
2003-09-05;null;null;null;null;
2003-09-06;null;null;null;null;
2003-09-07;null;null;null;null;
2003-09-08;null;null;null;null;
2003-09-09;null;21.6;61;.5;
2003-09-10;0;24;53.8;1;
2003-09-11;0;21.9;63;1.4;
2003-09-12;0;18.8;70.3;1.3;
2003-09-13;0;21.7;68.6;.8;
2003-09-14;17.6;19.2;87.1;.7;
2003-09-15;6.4;19;79.4;1.4;
2003-09-16;0;22.1;68.6;.5;
2003-09-17;2;20;87.6;.7;
2003-09-18;3;19.3;80.5;.7;
2003-09-19;0;21;70.7;.8;
2003-09-20;.2;21.3;68.8;.6;
2003-09-21;0;22;63.6;1.1;
2003-09-22;0;21.8;71.2;.8;
2003-09-23;.2;22;71;.6;
2003-09-24;0;25.9;53.1;.8;
2003-09-25;0;25.2;57;1.3;
2003-09-26;0;24.9;64.6;1.1;
2003-09-27;0;25.4;65.5;.9;
2003-09-28;.8;22.5;78.2;1;
2003-09-29;5;22.2;86.4;.6;
2003-09-30;3.2;22.4;77.9;1;
2003-10-01;0;21.6;70.7;1.4;
2003-10-02;0;22.9;65.8;1.1;
2003-10-03;0;23.6;64.7;1;
2003-10-04;0;23.1;67;1.2;
2003-10-05;0;null;69.5;null;
2003-10-06;null;null;null;null;
2003-10-07;null;null;null;null;
2003-10-08;null;null;null;null;
2003-10-09;null;null;null;null;
2003-10-10;null;null;null;null;
2003-10-11;null;null;null;null;
2003-10-12;null;null;null;null;
2003-10-13;null;null;null;null;
2003-10-14;null;null;null;null;
2003-10-15;null;null;null;null;
2003-10-16;null;null;null;null;
2003-10-17;null;null;null;null;
2003-10-18;null;null;null;null;
2003-10-19;null;null;null;null;
2003-10-20;null;null;null;null;
2003-10-21;null;null;null;null;
2003-10-22;null;29;42.1;1.6;
2003-10-23;.2;22;80.2;1.1;
2003-10-24;42;20;81.1;1;
2003-10-25;.2;22.3;76.3;.7;
2003-10-26;0;25.2;59.6;1;
2003-10-27;0;26;49.4;1.3;
2003-10-28;0;24.2;62.6;1;
2003-10-29;0;24.7;64.6;1;
2003-10-30;20.4;23.6;72.9;.8;
2003-10-31;1.8;23;78.6;.7;
2003-11-01;4.2;24.9;67.8;.4;
2003-11-02;6.8;23.8;78.3;.8;
2003-11-03;47;18.6;85.6;.9;
2003-11-04;2.4;19.1;67.3;.8;
2003-11-05;0;20.1;66.2;1;
2003-11-06;0;20.6;68.4;.6;
2003-11-07;.8;21.7;72.9;.5;
2003-11-08;4.8;22.4;73;.8;
2003-11-09;0;24.8;68.4;.6;
2003-11-10;.8;26;70.8;1.1;
2003-11-11;0;25.7;69.3;1.1;
2003-11-12;.6;26.3;63.2;.8;
2003-11-13;0;28;54.4;1.5;
2003-11-14;14.4;23.7;74.8;1.1;
2003-11-15;0;22.5;71.6;1.1;
2003-11-16;0;24.9;68.3;.5;
2003-11-17;0;25.1;69.8;.6;
2003-11-18;0;28.1;59.1;1.1;
2003-11-19;29.8;26.8;69.1;1;
2003-11-20;7.4;23.7;79.8;.7;
2003-11-21;6;22.1;83.7;1;
2003-11-22;.2;21.3;76.8;1.1;
2003-11-23;0;22.6;79.1;.8;
2003-11-24;0;25.1;67.8;.5;
2003-11-25;0;26.1;60.5;.7;
2003-11-26;0;26.5;62.5;.5;
2003-11-27;0;27.3;59.4;.7;
2003-11-28;0;26.6;65;1;
2003-11-29;3.6;25.3;75.6;.8;
2003-11-30;0;25.3;74.5;.7;
2003-12-01;.2;26;68;.6;
2003-12-02;8.8;25.9;74.1;.6;
2003-12-03;0;26;75.5;.8;
2003-12-04;1.4;null;81;.5;
2003-12-05;null;28.2;69.4;.8;
2003-12-06;3;27.2;76;1.1;
2003-12-07;44;21.9;85.3;.8;
2003-12-08;9.2;26;75.5;.3;
2003-12-09;.2;28.6;64.1;.9;
2003-12-10;1.6;27;70.3;.9;
2003-12-11;0;28.8;62.7;.5;
2003-12-12;0;29.9;55.3;1.4;
2003-12-13;28;26.7;72.8;1;
2003-12-14;null;null;null;null;
2003-12-15;null;null;null;null;
2003-12-16;0;30;53.9;.8;
2003-12-17;0;27.8;65.5;1.3;
2003-12-18;0;23.8;76.7;1.5;
2003-12-19;1.4;23.3;80.5;.9;
2003-12-20;3.2;24.7;79.8;.7;
2003-12-21;2.4;27.5;70.8;.8;
2003-12-22;5.8;27.4;66.3;.9;
2003-12-23;0;27.2;67.5;1.2;
2003-12-24;5.2;24.9;81.1;.8;
2003-12-25;14.2;24;84.2;.6;
2003-12-26;21.4;24;81.8;.6;
2003-12-27;23.2;23.1;79.4;.6;
2003-12-28;3.4;24.4;73;.7;
2003-12-29;0;26.8;61.5;1.1;
2003-12-30;0;26.6;67.5;.7;
2003-12-31;4.8;null;57.7;1;
2004-01-01;.2;29.1;65.1;1.2;
2004-01-02;2.8;24.7;83.5;1.1;
2004-01-03;31.4;21.7;82.7;1.3;
2004-01-04;1.4;22.7;78.4;1.2;
2004-01-05;.2;23.9;75.1;1.3;
2004-01-06;0;25.5;73.5;.7;
2004-01-07;.4;25.1;72.7;.5;
2004-01-08;.8;23.7;84.4;.4;
2004-01-09;35.4;23.9;85.4;.1;
2004-01-10;9.4;25.1;80;.5;
2004-01-11;1.8;26.5;77.8;.5;
2004-01-12;31.6;27.6;74.3;.9;
2004-01-13;1.4;26.5;77.2;.6;
2004-01-14;.2;27.3;76.1;.6;
2004-01-15;3.4;28.1;73.2;1;
2004-01-16;24;26;79.8;.6;
2004-01-17;8.4;24.6;81;1;
2004-01-18;5.6;24.8;63.5;1.1;
2004-01-19;0;23.8;65.4;.9;
2004-01-20;0;23.6;68.1;.8;
2004-01-21;0;25.1;72;.8;
2004-01-22;10.2;24.5;85.5;.5;
2004-01-23;.8;26.7;65.6;.7;
2004-01-24;0;26.7;70.8;.6;
2004-01-25;.4;26.8;66.6;.8;
2004-01-26;0;26.5;63.7;.9;
2004-01-27;0;26.8;65.6;.7;
2004-01-28;0;27.7;69;.6;
2004-01-29;0;26.8;70.2;.8;
2004-01-30;.2;26.1;71.5;.7;
2004-01-31;28.4;25.3;73.7;.5;
2004-02-01;8.8;26;70.7;.5;
2004-02-02;0;26.3;72.5;.5;
2004-02-03;2;27.3;68;.5;
2004-02-04;0;28.5;64.5;.9;
2004-02-05;9.2;28.8;64.5;.7;
2004-02-06;0;28.6;66.5;.8;
2004-02-07;10.8;24;84;.5;
2004-02-08;16.2;21.1;85.8;.5;
2004-02-09;27.2;20.7;86.3;.2;
2004-02-10;5.8;22.3;86;.3;
2004-02-11;31.6;22.1;86.3;.2;
2004-02-12;8.6;23.1;85.1;.3;
2004-02-13;10.6;24;80.8;.5;
2004-02-14;1.6;26.2;68.6;.5;
2004-02-15;.2;25.5;75.4;.4;
2004-02-16;2;27.1;72.1;.9;
2004-02-17;11;25.7;80.2;.5;
2004-02-18;1.2;26.7;75.9;.6;
2004-02-19;0;26.2;76.9;.4;
2004-02-20;.4;28;67.7;.6;
2004-02-21;0;27.9;65.7;.7;
2004-02-22;0;26.9;66.9;.6;
2004-02-23;null;null;null;null;
2004-02-24;null;27;71;.6;
2004-02-25;11.6;26.8;75.4;1;
2004-02-26;5.2;26.4;76.5;.7;
2004-02-27;31;25.8;73.9;.7;
2004-02-28;.2;25;68.8;.9;
2004-02-29;12.6;25.8;69.3;.7;
2004-03-01;null;null;null;null;
2004-03-02;null;null;null;null;
2004-03-03;null;null;null;null;
2004-03-04;null;null;null;null;
2004-03-05;null;null;null;null;
2004-03-06;null;null;null;null;
2004-03-07;null;null;null;null;
2004-03-08;null;null;null;null;
2004-03-09;null;null;null;null;
2004-03-10;null;null;null;null;
2004-03-11;null;null;null;null;
2004-03-12;null;25.7;71.8;.5;
2004-03-13;0;25.6;63.3;1;
2004-03-14;0;25.2;72.2;.6;
2004-03-15;.2;null;76.7;.4;
2004-03-16;null;null;71;null;
2004-03-17;16;26.3;74.3;.7;
2004-03-18;0;25.6;78;.6;
2004-03-19;2.2;24.7;81.3;.5;
2004-03-20;10.4;26.1;74.3;.8;
2004-03-21;27.8;25.1;75.4;.8;
2004-03-22;.8;24.5;70.5;.5;
2004-03-23;0;21.7;79.9;.4;
2004-03-24;9.2;23.4;73.1;.6;
2004-03-25;.2;23.5;72.5;.6;
2004-03-26;0;24.7;70.8;.5;
2004-03-27;0;24.3;74.4;.4;
2004-03-28;3;24.1;78.6;.5;
2004-03-29;.2;25.5;70.5;.6;
2004-03-30;14.4;24.3;74.1;.7;
2004-03-31;6.4;24.4;69.5;.8;
2004-04-01;0;24.4;72.7;.7;
2004-04-02;0;23.6;78.9;.5;
2004-04-03;37.4;25.4;74.3;.4;
2004-04-04;0;26.2;71.7;.3;
2004-04-05;1;25.5;79;.3;
2004-04-06;0;25.5;75.9;.5;
2004-04-07;0;26.5;69.1;1.1;
2004-04-08;10.4;26;75.2;.6;
2004-04-09;9.4;25.2;82.7;.4;
2004-04-10;33.2;24.4;84.3;.4;
2004-04-11;10.6;24;83.9;.4;
2004-04-12;1.2;24.4;83.5;.3;
2004-04-13;.2;25.3;80.5;.5;
2004-04-14;10;25.8;79.8;.9;
2004-04-15;0;25.8;78.2;3.7;
2004-04-16;.2;26.1;73.5;.5;
2004-04-17;0;27;69.6;0;
2004-04-18;13.2;26.9;71.1;0;
2004-04-19;0;26.9;64.8;0;
2004-04-20;0;27;58.9;0;
2004-04-21;0;26.5;72.7;0;
2004-04-22;0;25.4;74.1;0;
2004-04-23;.6;26.3;67.6;0;
2004-04-24;0;25.3;71.5;0;
2004-04-25;.2;24.6;78;0;
2004-04-26;30.8;20.4;83;0;
2004-04-27;.8;20.6;82.7;0;
2004-04-28;2.2;21.2;77;0;
2004-04-29;.2;20.6;76.8;0;
2004-04-30;.2;20.9;71.3;0;
2004-05-01;0;22.3;67;0;
2004-05-02;0;23.8;70;0;
2004-05-03;.2;24.9;71.9;0;
2004-05-04;2.6;25.2;77.8;0;
2004-05-05;0;25.1;73.2;0;
2004-05-06;.2;25.3;68.3;0;
2004-05-07;0;24.7;67.4;0;
2004-05-08;0;26.4;64.6;0;
2004-05-09;0;24;76;0;
2004-05-10;0;22.2;73.8;0;
2004-05-11;0;22.2;74.3;0;
2004-05-12;0;23.6;72.4;0;
2004-05-13;0;23.3;77.8;0;
2004-05-14;0;25.8;65.2;0;
2004-05-15;0;25.6;70.9;0;
2004-05-16;9.4;23.4;76.7;0;
2004-05-17;.2;22.1;67.5;0;
2004-05-18;0;22.8;74.8;0;
2004-05-19;0;23.3;77;0;
2004-05-20;0;24;77;0;
2004-05-21;4.8;21;78.7;0;
2004-05-22;.2;21.5;75.5;0;
2004-05-23;0;22.1;75.6;0;
2004-05-24;0;21.4;75.8;0;
2004-05-25;0;22.8;69.7;0;
2004-05-26;0;24.6;68.6;0;
2004-05-27;.8;null;66.2;null;
2004-05-28;null;null;null;null;
2004-05-29;null;null;null;null;
2004-05-30;null;null;null;null;
2004-05-31;null;null;null;null;
2004-06-01;null;null;null;null;
2004-06-02;null;null;null;null;
2004-06-03;null;null;null;null;
2004-06-04;null;null;null;null;
2004-06-05;null;null;null;null;
2004-06-06;null;null;null;null;
2004-06-07;null;null;null;null;
2004-06-08;null;null;null;null;
2004-06-09;null;null;null;null;
2004-06-10;null;null;null;null;
2004-06-11;null;null;null;null;
2004-06-12;null;null;null;null;
2004-06-13;null;null;null;null;
2004-06-14;null;null;null;null;
2004-06-15;null;null;null;null;
2004-06-16;null;null;null;null;
2004-06-17;null;null;null;null;
2004-06-18;null;null;null;null;
2004-06-19;null;null;null;null;
2004-06-20;null;null;null;null;
2004-06-21;null;null;null;null;
2004-06-22;null;null;null;null;
2004-06-23;null;null;null;null;
2004-06-24;null;null;null;null;
2004-06-25;null;null;null;null;
2004-06-26;null;null;null;null;
2004-06-27;null;null;null;null;
2004-06-28;null;null;null;null;
2004-06-29;null;null;null;null;
2004-06-30;null;null;null;null;
2004-07-01;null;null;null;null;
2004-07-02;null;null;null;null;
2004-07-03;null;null;null;null;
2004-07-04;null;null;null;null;
2004-07-05;null;null;null;null;
2004-07-06;null;null;null;null;
2004-07-07;null;null;null;null;
2004-07-08;null;null;null;null;
2004-07-09;null;null;null;null;
2004-07-10;null;null;null;null;
2004-07-11;null;null;null;null;
2004-07-12;null;null;null;null;
2004-07-13;null;null;null;null;
2004-07-14;null;null;null;null;
2004-07-15;null;null;null;null;
2004-07-16;null;null;null;null;
2004-07-17;null;null;null;null;
2004-07-18;null;null;null;null;
2004-07-19;null;null;null;null;
2004-07-20;null;null;null;null;
2004-07-21;null;null;null;null;
2004-07-22;null;null;null;null;
2004-07-23;null;null;null;null;
2004-07-24;null;null;null;null;
2004-07-25;null;null;null;null;
2004-07-26;null;null;null;null;
2004-07-27;null;null;null;null;
2004-07-28;null;null;null;null;
2004-07-29;null;null;null;null;
2004-07-30;null;null;null;null;
2004-07-31;null;null;null;null;
2004-08-01;null;null;null;null;
2004-08-02;null;null;null;null;
2004-08-03;null;null;null;null;
2004-08-04;null;null;null;null;
2004-08-05;null;null;null;null;
2004-08-06;null;null;null;null;
2004-08-07;null;null;null;null;
2004-08-08;null;null;null;null;
2004-08-09;null;null;null;null;
2004-08-10;null;null;null;null;
2004-08-11;null;null;null;null;
2004-08-12;null;null;null;null;
2004-08-13;null;null;null;null;
2004-08-14;null;null;null;null;
2004-08-15;null;null;null;null;
2004-08-16;null;null;null;null;
2004-08-17;null;null;null;null;
2004-08-18;null;null;null;null;
2004-08-19;null;null;null;null;
2004-08-20;null;null;null;null;
2004-08-21;null;null;null;null;
2004-08-22;null;null;null;null;
2004-08-23;null;null;null;null;
2004-08-24;null;null;null;null;
2004-08-25;null;null;null;null;
2004-08-26;null;null;null;null;
2004-08-27;null;null;null;null;
2004-08-28;null;null;null;null;
2004-08-29;null;null;null;null;
2004-08-30;null;null;null;null;
2004-08-31;null;null;null;null;
2004-09-01;null;null;null;null;
2004-09-02;null;null;null;null;
2004-09-03;null;null;null;null;
2004-09-04;null;null;null;null;
2004-09-05;null;null;null;null;
2004-09-06;null;null;null;null;
2004-09-07;null;null;null;null;
2004-09-08;null;null;null;null;
2004-09-09;null;null;null;null;
2004-09-10;null;null;null;null;
2004-09-11;null;null;null;null;
2004-09-12;null;null;null;null;
2004-09-13;null;null;null;null;
2004-09-14;null;null;null;null;
2004-09-15;null;null;null;null;
2004-09-16;null;null;null;null;
2004-09-17;null;null;null;null;
2004-09-18;null;null;null;null;
2004-09-19;null;null;null;null;
2004-09-20;null;null;null;null;
2004-09-21;null;null;null;null;
2004-09-22;null;null;null;null;
2004-09-23;null;null;null;null;
2004-09-24;null;null;null;null;
2004-09-25;null;null;null;null;
2004-09-26;null;null;null;null;
2004-09-27;null;null;null;null;
2004-09-28;null;null;null;null;
2004-09-29;null;null;null;null;
2004-09-30;null;null;null;null;
2004-10-01;null;null;null;null;
2004-10-02;null;null;null;null;
2004-10-03;null;null;null;null;
2004-10-04;null;null;null;null;
2004-10-05;null;null;null;null;
2004-10-06;null;null;null;null;
2004-10-07;null;null;null;null;
2004-10-08;null;null;null;null;
2004-10-09;null;null;null;null;
2004-10-10;null;null;null;null;
2004-10-11;null;null;null;null;
2004-10-12;null;null;null;null;
2004-10-13;null;null;null;null;
2004-10-14;null;null;null;null;
2004-10-15;null;null;null;null;
2004-10-16;null;null;null;null;
2004-10-17;null;null;null;null;
2004-10-18;null;null;null;null;
2004-10-19;null;null;null;null;
2004-10-20;null;null;null;null;
2004-10-21;null;null;null;null;
2004-10-22;null;null;null;null;
2004-10-23;null;null;null;null;
2004-10-24;null;null;null;null;
2004-10-25;null;null;null;null;
2004-10-26;null;null;null;null;
2004-10-27;null;null;null;null;
2004-10-28;null;null;null;null;
2004-10-29;null;null;null;null;
2004-10-30;null;null;null;null;
2004-10-31;null;null;null;null;
2004-11-01;null;null;null;null;
2004-11-02;null;null;null;null;
2004-11-03;null;null;null;null;
2004-11-04;null;null;null;null;
2004-11-05;null;null;null;null;
2004-11-06;null;null;null;null;
2004-11-07;null;null;null;null;
2004-11-08;null;null;null;null;
2004-11-09;null;null;null;null;
2004-11-10;null;null;null;null;
2004-11-11;null;null;null;null;
2004-11-12;null;null;null;null;
2004-11-13;null;null;null;null;
2004-11-14;null;null;null;null;
2004-11-15;null;null;null;null;
2004-11-16;null;null;null;null;
2004-11-17;null;null;null;null;
2004-11-18;null;null;null;null;
2004-11-19;null;null;null;null;
2004-11-20;null;null;null;null;
2004-11-21;null;null;null;null;
2004-11-22;null;null;null;null;
2004-11-23;null;null;null;null;
2004-11-24;null;null;null;null;
2004-11-25;null;null;null;null;
2004-11-26;null;null;null;null;
2004-11-27;null;null;null;null;
2004-11-28;null;null;null;null;
2004-11-29;null;null;null;null;
2004-11-30;null;null;null;null;
2004-12-01;null;null;null;null;
2004-12-02;null;null;null;null;
2004-12-03;null;null;null;null;
2004-12-04;null;null;null;null;
2004-12-05;null;null;null;null;
2004-12-06;null;null;null;null;
2004-12-07;null;null;null;null;
2004-12-08;null;null;null;null;
2004-12-09;null;null;null;null;
2004-12-10;null;null;null;null;
2004-12-11;null;null;null;null;
2004-12-12;null;null;null;null;
2004-12-13;null;null;null;null;
2004-12-14;null;null;null;null;
2004-12-15;null;null;null;null;
2004-12-16;null;25.6;72.1;0;
2004-12-17;3.2;27;64.5;0;
2004-12-18;6.8;26.9;70.7;0;
2004-12-19;.6;27.7;68.8;0;
2004-12-20;19.4;27.4;71.3;0;
2004-12-21;24.8;25.3;81.5;0;
2004-12-22;32.2;22.8;82.9;0;
2004-12-23;21.8;23.4;84.8;0;
2004-12-24;16.2;24.3;85.1;0;
2004-12-25;10;27.7;68.2;0;
2004-12-26;0;28.7;66.9;0;
2004-12-27;1.6;26;78.8;0;
2004-12-28;23;25.1;77;0;
2004-12-29;82.2;26.2;74.2;1;
2004-12-30;0;27.9;71.4;1;
2004-12-31;.2;26.6;75;.7;
2005-01-01;19.6;25.2;76.6;.9;
2005-01-02;5.6;23.6;79;3.4;
2005-01-03;17;23.9;78.5;6.7;
2005-01-04;21.6;26.3;66.8;2.1;
2005-01-05;0;27.5;59.5;0;
2005-01-06;0;26.9;64.5;0;
2005-01-07;0;27.6;66.2;0;
2005-01-08;0;27.9;68.8;0;
2005-01-09;.6;29.3;64.3;0;
2005-01-10;0;30.7;57;0;
2005-01-11;0;30.1;59.2;0;
2005-01-12;66;25.2;81.6;0;
2005-01-13;8.6;24.9;75.3;0;
2005-01-14;0;25;71.5;0;
2005-01-15;.4;28;68.7;0;
2005-01-16;2.2;29.2;67;0;
2005-01-17;2.4;26.4;79.2;0;
2005-01-18;7;28;68;0;
2005-01-19;3.8;26.6;74.4;0;
2005-01-20;0;29;65.6;0;
2005-01-21;0;29.8;65.6;0;
2005-01-22;0;28.9;70.2;0;
2005-01-23;0;29.4;65.7;0;
2005-01-24;0;27.9;75.5;0;
2005-01-25;18.8;29.7;64.5;0;
2005-01-26;0;26.8;77.9;0;
2005-01-27;90.6;23.1;82;0;
2005-01-28;4.2;22.3;83.2;0;
2005-01-29;.2;23.6;77.4;0;
2005-01-30;0;24.9;74.6;0;
2005-01-31;.4;26;75.1;0;
2005-02-01;14.6;24.8;75.1;0;
2005-02-02;.2;26;70.3;0;
2005-02-03;4;26.8;73.3;0;
2005-02-04;2.2;27.8;71.5;0;
2005-02-05;23;25.2;84.3;0;
2005-02-06;38.2;23.1;84.9;0;
2005-02-07;7;22.3;74.7;0;
2005-02-08;0;23.1;69;0;
2005-02-09;.2;22.2;74.9;0;
2005-02-10;3.8;24.5;67.2;0;
2005-02-11;0;25.6;64.6;0;
2005-02-12;0;28.3;58.4;0;
2005-02-13;32.6;24.9;79;0;
2005-02-14;12.6;25.7;75.8;0;
2005-02-15;28.4;25.5;77.5;0;
2005-02-16;49;26.1;77.5;0;
2005-02-17;0;26.2;77.8;0;
2005-02-18;null;26.4;77.9;0;
2005-02-19;null;26;80.2;0;
2005-02-20;2.2;26.4;76.4;0;
2005-02-21;10.8;24.9;72.7;0;
2005-02-22;0;26.4;68.5;0;
2005-02-23;0;27.7;66.2;0;
2005-02-24;0;28.8;65.7;0;
2005-02-25;0;28.4;68.1;0;
2005-02-26;17.8;27.8;68.5;0;
2005-02-27;4.6;28.6;67.6;0;
2005-02-28;.2;27.6;75.1;0;
2005-03-01;null;26.7;78.1;0;
2005-03-02;null;23.6;84.3;0;
2005-03-03;null;21.2;88.1;0;
2005-03-04;null;21.6;88.3;0;
2005-03-05;null;23;85.3;0;
2005-03-06;null;24.3;83.3;0;
2005-03-07;null;24.6;84.4;0;
2005-03-08;null;26;79.6;3.1;
2005-03-09;null;27.1;74;.7;
2005-03-10;0;28.9;65.8;.7;
2005-03-11;1.2;27.5;75.8;1.1;
2005-03-12;15.6;27;74.5;3.2;
2005-03-13;3.6;27.6;70.2;8;
2005-03-14;.2;28.4;65.5;5.4;
2005-03-15;0;28.8;66.5;1;
2005-03-16;0;29.1;61.8;3.8;
2005-03-17;0;29.1;64.4;4.8;
2005-03-18;4;28.4;71.3;1.8;
2005-03-19;0;28.4;69.6;.4;
2005-03-20;21.8;25.5;77;2.1;
2005-03-21;0;27.6;71.3;2.1;
2005-03-22;0;27.6;67;0;
2005-03-23;0;27.6;67.4;0;
2005-03-24;0;27.7;65.4;0;
2005-03-25;11.2;24.9;84.5;0;
2005-03-26;36.8;23.6;81.4;0;
2005-03-27;5;24.4;79.9;0;
2005-03-28;1.2;24.9;77;0;
2005-03-29;.2;24.8;74.5;0;
2005-03-30;0;25.3;77.1;0;
2005-03-31;8.4;25.6;78.6;0;
2005-04-01;22.4;25.7;77.7;0;
2005-04-02;.2;26.5;69.9;0;
2005-04-03;0;26.8;66.7;0;
2005-04-04;0;27.4;68.3;0;
2005-04-05;0;27.7;71.9;0;
2005-04-06;2.2;27.2;76;0;
2005-04-07;0;27.1;74.2;0;
2005-04-08;0;27.6;69.1;0;
2005-04-09;0;27.7;69.1;0;
2005-04-10;0;27.4;71.5;0;
2005-04-11;0;26.9;73.2;0;
2005-04-12;0;26.4;66.5;0;
2005-04-13;0;26.5;70.7;0;
2005-04-14;0;25.6;74.1;0;
2005-04-15;.6;26.2;69;0;
2005-04-16;0;26.2;66.6;0;
2005-04-17;0;26.4;66.8;0;
2005-04-18;0;26.4;68.8;0;
2005-04-19;0;25.5;74.5;0;
2005-04-20;16.6;26;72;0;
2005-04-21;0;26.1;71.1;0;
2005-04-22;28.4;24.5;78;0;
2005-04-23;.2;24.6;76;0;
2005-04-24;0;25.7;75.8;0;
2005-04-25;0;25.2;73.8;0;
2005-04-26;0;22.2;82.8;0;
2005-04-27;25.2;20;86.1;0;
2005-04-28;1.8;21.8;80.9;0;
2005-04-29;.2;23.8;79.5;0;
2005-04-30;14;24.5;76.3;0;
2005-05-01;.2;22.1;72.5;0;
2005-05-02;.8;20.2;76.3;0;
2005-05-03;0;19.4;77.2;0;
2005-05-04;0;20.7;72.9;0;
2005-05-05;0;20.3;78.2;0;
2005-05-06;1.4;22;76.7;0;
2005-05-07;0;21.7;76.3;0;
2005-05-08;0;24.3;72.5;0;
2005-05-09;.2;24;76;0;
2005-05-10;0;23.9;74.8;0;
2005-05-11;0;24.5;74.5;0;
2005-05-12;0;25.2;68.8;0;
2005-05-13;0;23.9;73.3;0;
2005-05-14;0;23.6;75.5;0;
2005-05-15;0;24.2;72.2;0;
2005-05-16;.2;24.7;72;0;
2005-05-17;0;25.1;71.8;0;
2005-05-18;0;25.2;70.7;0;
2005-05-19;.4;25.8;68.2;0;
2005-05-20;0;25.9;67.2;0;
2005-05-21;.4;26.3;63.8;0;
2005-05-22;0;24.6;73.4;0;
2005-05-23;36.2;21.4;87.5;0;
2005-05-24;10.8;23.6;77.6;0;
2005-05-25;0;24.5;73;0;
2005-05-26;5;22.7;74.2;0;
2005-05-27;0;21.7;70.8;0;
2005-05-28;0;21.4;72.3;0;
2005-05-29;0;23.4;68;0;
2005-05-30;1;22.3;81.3;0;
2005-05-31;6.6;22.1;82;0;
2005-06-01;2.8;22.5;81.6;0;
2005-06-02;4.6;21.4;79.7;0;
2005-06-03;0;20.9;81.1;0;
2005-06-04;.2;22.1;78.3;0;
2005-06-05;.2;22.4;77.5;0;
2005-06-06;0;21.2;80.7;0;
2005-06-07;.8;21.4;78.3;0;
2005-06-08;0;21.6;75.4;0;
2005-06-09;.2;22;74.5;0;
2005-06-10;0;21;75.2;0;
2005-06-11;2.2;21;79.8;0;
2005-06-12;.2;23.1;69.3;0;
2005-06-13;0;21.8;70.9;0;
2005-06-14;0;22.6;68.5;0;
2005-06-15;0;21.8;76.5;0;
2005-06-16;.8;23.2;72.3;0;
2005-06-17;.2;23;70.7;0;
2005-06-18;0;23.9;65.7;0;
2005-06-19;1.2;23.7;68.1;0;
2005-06-20;0;22.7;73.2;0;
2005-06-21;14.4;21.2;82.4;0;
2005-06-22;10;18.8;82.8;0;
2005-06-23;.4;19.1;81;0;
2005-06-24;0;19;79.2;0;
2005-06-25;0;20.1;73.5;0;
2005-06-26;0;20.4;73.5;0;
2005-06-27;0;20.5;74.7;0;
2005-06-28;0;22.8;75.6;0;
2005-06-29;.2;22.2;75;0;
2005-06-30;0;22.5;72;0;
2005-07-01;0;22.3;73.5;0;
2005-07-02;0;23;70.3;0;
2005-07-03;.2;22.2;66.5;0;
2005-07-04;0;21;67;0;
2005-07-05;0;22.5;60.5;0;
2005-07-06;0;21.6;66.9;0;
2005-07-07;.4;19.3;84.4;0;
2005-07-08;10.8;17;83;0;
2005-07-09;.8;15.6;79.8;0;
2005-07-10;6;17.4;85.2;0;
2005-07-11;3.8;18.3;83.7;0;
2005-07-12;.2;18.4;76.9;0;
2005-07-13;0;18.2;73.5;0;
2005-07-14;0;19.6;76.1;.5;
2005-07-15;0;20.9;69.1;.5;
2005-07-16;0;21.1;64.6;1.2;
2005-07-17;0;24;52.5;1.8;
2005-07-18;0;23.3;65.6;.8;
2005-07-19;13.4;21.5;84.3;.3;
2005-07-20;1.6;19;84.4;.9;
2005-07-21;.6;20.2;79.5;1;
2005-07-22;.2;21.5;76.5;.7;
2005-07-23;0;21.8;71.8;.5;
2005-07-24;0;22.7;66.1;.7;
2005-07-25;0;23.2;65.3;.9;
2005-07-26;0;22.1;73.3;1;
2005-07-27;0;20.4;74.8;1;
2005-07-28;0;21.7;78.1;.7;
2005-07-29;0;22.2;67;.7;
2005-07-30;0;21.8;63.2;.9;
2005-07-31;0;21.8;66.3;.6;
2005-08-01;0;20.7;62.9;.7;
2005-08-02;0;20.5;65.2;.7;
2005-08-03;0;20.9;63.3;.7;
2005-08-04;0;21;63.8;.6;
2005-08-05;.2;20.9;62.4;.7;
2005-08-06;0;21.1;63.3;.7;
2005-08-07;0;21.8;63.9;.7;
2005-08-08;0;22.3;61.3;.7;
2005-08-09;0;22.6;63.7;.9;
2005-08-10;0;24.3;57.6;1.2;
2005-08-11;0;23.9;67.3;.8;
2005-08-12;0;22.7;78;.8;
2005-08-13;0;24;70.5;.8;
2005-08-14;.2;22.6;72.8;.5;
2005-08-15;1.2;23.1;71;.6;
2005-08-16;.2;21.8;74.8;.5;
2005-08-17;.4;21.1;79.3;.5;
2005-08-18;null;null;73.7;null;
2005-08-19;null;22.5;72.3;.2;
2005-08-20;0;23.5;71.5;0;
2005-08-21;0;22.6;70.1;0;
2005-08-22;0;22;65.6;0;
2005-08-23;0;22.7;56.7;0;
2005-08-24;0;24.2;59.6;0;
2005-08-25;0;26.4;56.3;0;
2005-08-26;2.2;23.2;72.6;0;
2005-08-27;0;24.1;66.8;0;
2005-08-28;0;25.1;55.8;0;
2005-08-29;0;26.5;51;0;
2005-08-30;0;28.5;48.4;0;
2005-08-31;0;29.1;51;0;
2005-09-01;0;26.8;55.9;0;
2005-09-02;0;25;59.5;0;
2005-09-03;0;25.6;65.6;0;
2005-09-04;0;25.8;58.1;0;
2005-09-05;0;25.5;56.8;0;
2005-09-06;0;26.2;57.5;0;
2005-09-07;0;23.2;74.4;0;
2005-09-08;0;21.5;76.1;0;
2005-09-09;0;22.4;66.5;0;
2005-09-10;0;23.7;64.9;0;
2005-09-11;0;null;58.6;0;
2005-09-12;null;26.4;47.6;0;
2005-09-13;0;24.6;65.4;0;
2005-09-14;5.2;21.2;81.7;0;
2005-09-15;2.4;23.4;69.5;0;
2005-09-16;0;26;63.3;0;
2005-09-17;null;null;68.5;0;
2005-09-18;4.6;21.8;76;0;
2005-09-19;.2;23;71.3;0;
2005-09-20;0;25.9;64.1;0;
2005-09-21;5.4;23.7;65;0;
2005-09-22;0;23.4;63.6;0;
2005-09-23;0;24;64.7;0;
2005-09-24;0;null;67.5;0;
2005-09-25;null;26.3;64.8;0;
2005-09-26;31;23.8;80;0;
2005-09-27;42.8;20;86.7;0;
2005-09-28;8.8;18.8;82.8;0;
2005-09-29;1.4;19.9;79;0;
2005-09-30;.8;21.7;69.8;0;
2005-10-01;0;22.5;67.7;0;
2005-10-02;0;22.5;71.1;0;
2005-10-03;1;24.1;63.4;0;
2005-10-04;.2;24.3;63.4;0;
2005-10-05;0;27.6;53.8;0;
2005-10-06;0;27.8;62.3;0;
2005-10-07;0;27.7;63.5;0;
2005-10-08;0;26.8;57.3;0;
2005-10-09;0;26.4;56.2;0;
2005-10-10;0;26.4;58.8;0;
2005-10-11;0;27;57.4;0;
2005-10-12;0;26.9;55.5;0;
2005-10-13;0;27.8;48.1;0;
2005-10-14;0;29;46.3;0;
2005-10-15;0;29.7;46.5;0;
2005-10-16;0;28.4;56.7;0;
2005-10-17;0;29.6;52.3;0;
2005-10-18;0;29.6;45.3;0;
2005-10-19;0;24.7;64;0;
2005-10-20;0;25.2;64.4;0;
2005-10-21;0;26.7;54.8;0;
2005-10-22;0;null;47.7;0;
2005-10-23;null;28.6;52.1;0;
2005-10-24;0;27.7;60.5;0;
2005-10-25;0;28.5;57.8;0;
2005-10-26;0;30.5;47.3;0;
2005-10-27;1.2;28.2;65.7;0;
2005-10-28;0;29;62.9;0;
2005-10-29;null;null;72.3;0;
2005-10-30;2;23.1;83.1;0;
2005-10-31;18;22.6;81.2;0;
2005-11-01;2.8;22.9;83.2;0;
2005-11-02;8.8;20.9;86.1;0;
2005-11-03;15;22.1;83.9;0;
2005-11-04;3;24.3;76.3;0;
2005-11-05;93.2;25;73.3;0;
2005-11-06;.2;26.1;72.9;0;
2005-11-07;.2;25.9;75;0;
2005-11-08;6.6;23.3;79.6;0;
2005-11-09;1.8;null;75;0;
2005-11-10;.2;19.4;80.6;0;
2005-11-11;20.6;18.5;86.9;0;
2005-11-12;5.8;19.4;83.3;0;
2005-11-13;1;22.1;75.7;0;
2005-11-14;null;null;70.5;0;
2005-11-15;null;null;75;0;
2005-11-16;1.6;25.8;70.7;0;
2005-11-17;null;26.9;70.5;0;
2005-11-18;38.6;26.1;72.7;0;
2005-11-19;2;27.5;67.3;0;
2005-11-20;null;null;76.6;0;
2005-11-21;null;null;75.6;null;
2005-11-22;null;null;77.6;0;
2005-11-23;null;null;71.8;0;
2005-11-24;null;28.4;60.4;0;
2005-11-25;0;27.7;65.1;0;
2005-11-26;4.4;23.9;85.3;0;
2005-11-27;null;null;null;null;
2005-11-28;null;null;69.3;0;
2005-11-29;null;null;null;null;
2005-11-30;null;null;null;null;
2005-12-01;null;27.8;65.4;0;
2005-12-02;7;25.5;82.8;0;
2005-12-03;1.8;22.2;80.6;0;
2005-12-04;2.2;22.4;70.5;0;
2005-12-05;2.6;24;71;0;
2005-12-06;3.2;27.1;61.3;0;
2005-12-07;3.4;23.2;87;0;
2005-12-08;6.2;19.1;82;0;
2005-12-09;6.2;23.7;76;0;
2005-12-10;6.2;28.3;66.7;0;
2005-12-11;6.2;25.3;77;0;
2005-12-12;5.4;22;87.6;0;
2005-12-13;5.8;22.8;83.6;0;
2005-12-14;7.8;22.8;86.5;0;
2005-12-15;9;23.2;84;0;
2005-12-16;10.4;25.3;74.5;0;
2005-12-17;9.6;28.9;52;0;
2005-12-18;7.6;28.2;66.5;0;
2005-12-19;6.6;26.9;73.6;0;
2005-12-20;6;28.6;64.8;0;
2005-12-21;5.2;27.9;64.4;0;
2005-12-22;3.2;27.3;63.3;0;
2005-12-23;3;27.7;59;0;
2005-12-24;2.2;28.5;56.4;0;
2005-12-25;0;26.1;70.6;0;
2005-12-26;31.2;21.8;84.4;0;
2005-12-27;9.8;23.4;73;0;
2005-12-28;1.8;24.2;64.5;0;
2005-12-29;0;24.1;70.6;0;
2005-12-30;3.6;25.3;71.2;0;
2005-12-31;0;26.2;66.1;0;
2006-01-01;0;27.7;61.9;0;
2006-01-02;0;27;66.5;0;
2006-01-03;0;27.7;63.1;0;
2006-01-04;0;28.2;62.7;0;
2006-01-05;0;26;76.3;0;
2006-01-06;3.2;26.2;73.3;0;
2006-01-07;.2;25.3;75.8;0;
2006-01-08;0;26;69.4;0;
2006-01-09;0;25.9;70.8;0;
2006-01-10;17.2;25.8;68.7;0;
2006-01-11;0;26.5;66.3;0;
2006-01-12;0;25.7;72;0;
2006-01-13;.4;26.1;68.5;0;
2006-01-14;0;26.4;70.3;0;
2006-01-15;0;28;60;0;
2006-01-16;0;27.2;63.6;0;
2006-01-17;0;28;57.3;0;
2006-01-18;0;27.3;62.4;0;
2006-01-19;0;27.7;60.5;0;
2006-01-20;0;27.8;59.8;0;
2006-01-21;0;27.6;56.8;0;
2006-01-22;0;28.5;50.6;0;
2006-01-23;0;29.1;51.7;0;
2006-01-24;0;29.6;56.5;0;
2006-01-25;9.4;30.7;56.6;0;
2006-01-26;.4;31.8;51.8;0;
2006-01-27;5.6;27.9;70.1;0;
2006-01-28;4.8;27;74.8;0;
2006-01-29;4.8;28.2;67.3;0;
2006-01-30;4.2;29.2;62.5;0;
2006-01-31;3.8;29.3;62.3;0;
2006-02-01;1.2;27.9;68.3;0;
2006-02-02;0;28.9;65;0;
2006-02-03;0;28.2;64.2;0;
2006-02-04;0;28.4;60.6;0;
2006-02-05;0;28.8;57.7;0;
2006-02-06;0;29.8;54.4;0;
2006-02-07;0;31.4;47.9;0;
2006-02-08;0;31.3;52.5;0;
2006-02-09;0;null;67.4;0;
2006-02-10;null;null;null;null;
2006-02-11;null;null;null;null;
2006-02-12;null;26.3;76.8;0;
2006-02-13;5.2;29.4;65.8;0;
2006-02-14;4.6;29.8;62.7;0;
2006-02-15;3.2;27.7;73.5;0;
2006-02-16;.8;26.8;76.4;0;
2006-02-17;0;28.7;61.4;0;
2006-02-18;0;28.8;57.8;0;
2006-02-19;0;28.5;65.3;0;
2006-02-20;0;27.8;63.4;0;
2006-02-21;0;28.4;62.8;0;
2006-02-22;0;29.7;55.4;0;
2006-02-23;5.8;27.8;67;0;
2006-02-24;1.2;28.8;60.8;0;
2006-02-25;0;31.2;55;0;
2006-02-26;2.8;null;70.5;null;
2006-02-27;null;null;null;null;
2006-02-28;null;null;null;null;
2006-03-01;null;26.2;81.4;0;
2006-03-02;9.8;26.5;81.9;0;
2006-03-03;7.6;27.3;77.2;0;
2006-03-04;6.4;28.7;70;0;
2006-03-05;5.8;29.4;67;0;
2006-03-06;4.8;27.3;71;0;
2006-03-07;5;26.9;73.9;0;
2006-03-08;6.2;26;77.3;0;
2006-03-09;6.6;26.4;78.3;0;
2006-03-10;6.4;27.8;69.2;0;
2006-03-11;6.6;25.5;79.5;0;
2006-03-12;7.6;25;76.4;0;
2006-03-13;7.2;26.1;70.8;0;
2006-03-14;8.2;25.9;76.9;0;
2006-03-15;7.4;26;79.2;0;
2006-03-16;6;26.8;74.7;0;
2006-03-17;5.8;26.7;72.5;0;
2006-03-18;5.4;25;80.7;0;
2006-03-19;7.4;24.7;76.8;0;
2006-03-20;7.2;26.5;70.9;0;
2006-03-21;7.4;26.2;72.6;.6;
2006-03-22;6.8;26.5;72.7;.6;
2006-03-23;6.4;26.8;73;.6;
2006-03-24;1.8;27.2;66.8;.5;
2006-03-25;0;27.8;66.5;.9;
2006-03-26;0;26.7;75.5;.9;
2006-03-27;20.4;25.2;74.9;.9;
2006-03-28;2.4;24.6;75.9;.6;
2006-03-29;.2;26.5;72.1;.6;
2006-03-30;null;null;null;null;
2006-03-31;null;null;null;null;
2006-04-01;null;24;80;.6;
2006-04-02;1;24.8;78.4;.2;
2006-04-03;null;null;null;null;
2006-04-04;null;23.9;73.7;.1;
2006-04-05;2.2;24.1;73.3;.1;
2006-04-06;0;23.6;75.3;0;
2006-04-07;0;22.5;81.8;0;
2006-04-08;.4;25.2;74.9;0;
2006-04-09;8.2;25;80;0;
2006-04-10;18;26.4;71.5;0;
2006-04-11;4.4;27.2;71.1;0;
2006-04-12;8;26.7;73.6;0;
2006-04-13;1.2;25.3;78;0;
2006-04-14;0;25.4;74;0;
2006-04-15;0;25.8;75.8;0;
2006-04-16;11.2;null;null;null;
2006-04-17;null;null;null;null;
2006-04-18;null;20.9;83.4;1;
2006-04-19;10;19.4;86.2;.5;
2006-04-20;3.6;21.3;79.1;0;
2006-04-21;0;23;71.3;0;
2006-04-22;0;25.3;62.5;0;
2006-04-23;0;25.3;68.4;0;
2006-04-24;0;24.9;75.8;0;
2006-04-25;0;24.8;75.7;0;
2006-04-26;0;26.4;70;0;
2006-04-27;.2;24.1;75.8;.2;
2006-04-28;0;23.3;75.8;.4;
2006-04-29;0;24;74;.4;
2006-04-30;0;23.9;75.5;.6;
2006-05-01;0;24.7;71.5;.6;
2006-05-02;.2;25.4;70;.7;
2006-05-03;null;null;79.2;1;
2006-05-04;3.8;21.9;82;.9;
2006-05-05;null;null;null;null;
2006-05-06;null;null;null;null;
2006-05-07;null;21;72.3;.9;
2006-05-08;0;21.3;78.1;.6;
2006-05-09;0;22.9;74.7;.6;
2006-05-10;null;null;69.4;null;
2006-05-11;0;24.5;71.7;.8;
2006-05-12;0;null;null;null;
2006-05-13;null;null;null;null;
2006-05-14;null;null;null;null;
2006-05-15;null;null;null;null;
2006-05-16;null;null;68.1;null;
2006-05-17;null;20.3;68.3;.7;
2006-05-18;0;19.2;66.6;.6;
2006-05-19;null;20.2;58.9;null;
2006-05-20;null;19.3;59.7;.8;
2006-05-21;null;null;null;null;
2006-05-22;null;null;null;null;
2006-05-23;null;null;null;null;
2006-05-24;null;20.9;81.2;.5;
2006-05-25;2.4;19.9;79.5;.5;
2006-05-26;.2;21.2;76.8;.6;
2006-05-27;0;20.9;74.9;.5;
2006-05-28;.2;22.7;69.3;.6;
2006-05-29;0;22.1;72.4;.8;
2006-05-30;.2;22.1;72.3;.6;
2006-05-31;0;22.9;65.1;.9;
2006-06-01;0;22.2;67.5;.7;
2006-06-02;0;21.4;70.4;.7;
2006-06-03;0;19.3;74.4;.7;
2006-06-04;0;19.6;72.6;.4;
2006-06-05;0;21;62.4;.7;
2006-06-06;0;19.8;64.3;.5;
2006-06-07;0;20.7;67.8;.7;
2006-06-08;0;20.3;73.1;.8;
2006-06-09;0;20.7;73.7;.6;
2006-06-10;0;21.5;74.4;.7;
2006-06-11;.2;21.8;72.6;.6;
2006-06-12;0;21.3;75;.9;
2006-06-13;.4;21.5;68.8;1;
2006-06-14;0;19.7;71.7;.6;
2006-06-15;.2;19.8;67.2;.7;
2006-06-16;0;20.1;62.1;.8;
2006-06-17;0;19.9;67;.9;
2006-06-18;0;20.4;75.2;.6;
2006-06-19;0;20.8;72.8;.6;
2006-06-20;0;20.2;70.2;.4;
2006-06-21;0;20.6;65.6;.6;
2006-06-22;0;22.7;64.8;.7;
2006-06-23;null;null;62.4;null;
2006-06-24;0;18.6;73.2;.7;
2006-06-25;0;20.2;71.2;.6;
2006-06-26;0;23.4;60.7;1.6;
2006-06-27;7.8;23.1;70.4;.9;
2006-06-28;1.8;18.7;74;.9;
2006-06-29;0;18.6;73.6;.5;
2006-06-30;0;20;72.7;.5;
2006-07-01;0;19;75.2;.6;
2006-07-02;0;19.5;74.2;.4;
2006-07-03;0;null;73.4;.4;
2006-07-04;null;null;70.7;.5;
2006-07-05;.2;20.6;64.6;.6;
2006-07-06;0;19.4;68.9;.8;
2006-07-07;0;19.4;67.9;.6;
2006-07-08;0;21.3;61.8;.8;
2006-07-09;0;22.4;59.7;.6;
2006-07-10;0;23.2;57.2;1;
2006-07-11;0;21.3;69.3;.8;
2006-07-12;0;20.9;70.3;.5;
2006-07-13;0;20.3;66.3;.6;
2006-07-14;.2;20;68;.6;
2006-07-15;0;20.1;68.5;.8;
2006-07-16;0;19;72.9;.7;
2006-07-17;0;20.1;71.1;.7;
2006-07-18;0;19.2;68.4;.8;
2006-07-19;0;19.6;66.8;.7;
2006-07-20;0;21.1;54.5;.8;
2006-07-21;0;20.8;56.3;.8;
2006-07-22;0;22.2;52.3;.7;
2006-07-23;0;21.9;52.1;.9;
2006-07-24;0;22.2;48.3;.9;
2006-07-25;0;22.7;47.8;.7;
2006-07-26;0;23.2;52.4;.9;
2006-07-27;0;23.3;48.1;.6;
2006-07-28;0;24.4;44.1;1;
2006-07-29;0;25.2;46.2;.9;
2006-07-30;.2;20.4;75.6;1.4;
2006-07-31;.6;18.2;80;.5;
2006-08-01;1;21.7;75.3;.9;
2006-08-02;1.4;23;73.6;1;
2006-08-03;0;21.5;75.7;1.3;
2006-08-04;0;22.5;72.1;1.1;
2006-08-05;0;24.4;67.3;.8;
2006-08-06;0;23.6;64.3;.6;
2006-08-07;0;24;59.3;.7;
2006-08-08;0;23.8;51.9;.8;
2006-08-09;0;23;50.5;.9;
2006-08-10;0;25.2;51.7;1.4;
2006-08-11;0;24.4;55.3;.9;
2006-08-12;0;23.2;56.8;.7;
2006-08-13;0;23.6;55.8;1;
2006-08-14;0;25.3;51.4;1.2;
2006-08-15;0;null;50.8;1.1;
2006-08-16;null;26.1;48.5;.7;
2006-08-17;0;27.2;47;.8;
2006-08-18;0;25.5;58.8;.6;
2006-08-19;0;24.3;60.7;.4;
2006-08-20;0;24.7;59;.5;
2006-08-21;.2;20.8;73;.9;
2006-08-22;0;19.1;68.6;.9;
2006-08-23;0;22.6;61.6;.8;
2006-08-24;0;24;56.9;.6;
2006-08-25;0;23.4;61.8;.3;
2006-08-26;0;23.6;55.3;.7;
2006-08-27;0;23.4;52.5;1.5;
2006-08-28;1;20.1;66.8;.7;
2006-08-29;8.4;17.8;83.5;.7;
2006-08-30;6.4;15.5;72.8;.8;
2006-08-31;0;16.1;63.2;.7;
2006-09-01;0;17.8;63.9;.8;
2006-09-02;0;20.3;59.1;.4;
2006-09-03;0;22.5;55.2;.6;
2006-09-04;6.2;19.3;68.2;.8;
2006-09-05;11.8;14.9;82.5;1.6;
2006-09-06;1;13.8;71.6;.4;
2006-09-07;0;15.4;71.4;.8;
2006-09-08;0;18.1;60.5;.8;
2006-09-09;0;17.2;63.6;.9;
2006-09-10;0;21.4;49.6;1.3;
2006-09-11;0;22;56;.6;
2006-09-12;0;22.8;49;.9;
2006-09-13;0;23.4;41.8;1.1;
2006-09-14;0;23.4;43.6;.8;
2006-09-15;0;24.9;40;1.1;
2006-09-16;0;25.2;42.7;1.5;
2006-09-17;0;22.8;60.4;.6;
2006-09-18;0;18.6;81.8;.5;
2006-09-19;20.6;19.5;78.5;.5;
2006-09-20;0;21.1;69.3;.9;
2006-09-21;11.2;23.3;65.8;.8;
2006-09-22;0;21.1;71.7;1.1;
2006-09-23;.6;21.9;73.8;.9;
2006-09-24;12.8;19.9;85.4;.4;
2006-09-25;28.8;18.3;78.8;1;
2006-09-26;.2;16.7;81.5;1.5;
2006-09-27;1;16.6;78.2;1;
2006-09-28;.4;19.1;61.1;.7;
2006-09-29;0;21.2;57.4;1;
2006-09-30;0;20;68.5;.8;
2006-10-01;0;19.9;73.8;1;
2006-10-02;0;20.2;78;.5;
2006-10-03;.2;21.9;75;.6;
2006-10-04;0;22.2;74.1;.6;
2006-10-05;1.8;23.2;67.8;.7;
2006-10-06;0;23.6;62.5;.3;
2006-10-07;0;22.5;66.4;.6;
2006-10-08;.2;21.8;77.3;.4;
2006-10-09;6;19.5;86.8;.7;
2006-10-10;2.6;20.4;81.4;.6;
2006-10-11;0;21.6;69.3;.6;
2006-10-12;0;24.1;62.8;1.1;
2006-10-13;13;21.7;84.7;.5;
2006-10-14;2.8;22.3;78.2;1.2;
2006-10-15;.8;22.1;80.1;.6;
2006-10-16;.4;24.1;71.3;.8;
2006-10-17;0;23.6;73.5;.7;
2006-10-18;4.2;22.8;76.1;.9;
2006-10-19;24.8;19.9;91.3;.3;
2006-10-20;36.2;18.7;88.5;.8;
2006-10-21;8;17.2;79.5;.2;
2006-10-22;0;17.6;73.3;0;
2006-10-23;17.4;16;86;0;
2006-10-24;1.2;18.5;73.5;0;
2006-10-25;0;19.6;73.4;0;
2006-10-26;0;22.8;61.4;.4;
2006-10-27;0;25.1;59;1.5;
2006-10-28;10.4;21.9;75.5;.9;
2006-10-29;0;21.5;69.3;1;
2006-10-30;0;23.2;64.7;.9;
2006-10-31;0;25.1;64.7;.8;
2006-11-01;0;26.3;56.5;1.4;
2006-11-02;0;25.7;61.8;1.3;
2006-11-03;50.4;23.9;75.8;.8;
2006-11-04;31;22.2;81;1;
2006-11-05;.2;20.9;73.6;1.2;
2006-11-06;0;22.5;71.8;.8;
2006-11-07;0;24.4;71.5;1;
2006-11-08;11.2;20;83.7;.7;
2006-11-09;1.2;18.9;71.3;.8;
2006-11-10;.2;16.4;86.4;1.2;
2006-11-11;23;14.7;88.6;.7;
2006-11-12;8.8;15.4;86;.6;
2006-11-13;5;17.1;83.3;.8;
2006-11-14;16.8;17.7;92;.5;
2006-11-15;27.4;19.6;87.4;.4;
2006-11-16;4.4;23.4;67.8;0;
2006-11-17;0;24.2;63.3;0;
2006-11-18;1.6;25.5;62.4;0;
2006-11-19;0;24.8;69.2;0;
2006-11-20;0;24.6;74.1;0;
2006-11-21;31.8;22.2;82.5;0;
2006-11-22;.8;22.1;76.5;0;
2006-11-23;.2;22.2;80.7;0;
2006-11-24;38.4;23.4;77;0;
2006-11-25;.8;24.9;66.6;.5;
2006-11-26;0;24.3;66.8;.6;
2006-11-27;0;24.5;66.1;.7;
2006-11-28;0;24.9;69.2;.7;
2006-11-29;1.2;25.8;68.4;1;
2006-11-30;7.2;22.9;86;.5;
2006-12-01;51.4;21.2;83;1.3;
2006-12-02;2.4;20.6;75.6;1.2;
2006-12-03;0;22.6;69.7;1;
2006-12-04;0;23.7;69.3;.8;
2006-12-05;0;23.9;72;.7;
2006-12-06;4.2;25.6;64.6;1;
2006-12-07;1.8;25.6;64.3;1.1;
2006-12-08;55.6;20.6;87.5;.4;
2006-12-09;3.4;21.7;83.2;.6;
2006-12-10;9.8;20.8;84.7;1.4;
2006-12-11;2.4;19.8;88.4;1;
2006-12-12;7.4;20.8;83.1;.4;
2006-12-13;1.8;22.7;78.1;.1;
2006-12-14;12.4;21.6;88.5;.1;
2006-12-15;14.2;22.7;76.8;0;
2006-12-16;2.8;21.6;85.5;.2;
2006-12-17;4;22.1;80.5;.1;
2006-12-18;22;22.2;79;0;
2006-12-19;3.4;25.3;63.5;.6;
2006-12-20;0;25.9;64.2;0;
2006-12-21;0;27.2;61.5;1;
2006-12-22;0;27;64.9;.8;
2006-12-23;.8;null;75.8;null;
2006-12-24;null;24.6;75.5;.6;
2006-12-25;null;null;null;null;
2006-12-26;null;null;58.3;null;
2006-12-27;16.8;22.5;85.6;.7;
2006-12-28;22;21.7;87.3;.6;
2006-12-29;33.4;21;89.1;.1;
2006-12-30;11.6;20.6;83.9;0;
2006-12-31;3.8;21.9;80;0;
2007-01-01;5.6;20.7;86.8;0;
2007-01-02;3.2;20.4;90.2;0;
2007-01-03;18.2;20.3;88.1;0;
2007-01-04;14.4;19.8;87.1;0;
2007-01-05;25.4;22.4;82;0;
2007-01-06;2;22.6;85.8;0;
2007-01-07;1.2;25.2;73;0;
2007-01-08;.2;24.3;75.2;0;
2007-01-09;5.2;23.5;81.8;0;
2007-01-10;63;22.5;82;0;
2007-01-11;8.8;24.3;78.5;0;
2007-01-12;2.8;26.1;72.3;0;
2007-01-13;5.8;25;75.2;0;
2007-01-14;19.4;24.5;81.1;0;
2007-01-15;6.8;22;88.1;0;
2007-01-16;19.8;21.5;90.1;0;
2007-01-17;3.8;23.5;74.3;0;
2007-01-18;.2;25.6;66.1;0;
2007-01-19;3;26.3;69.5;0;
2007-01-20;1.6;27.1;61;0;
2007-01-21;0;26.7;57.8;0;
2007-01-22;43.8;21.6;88.2;0;
2007-01-23;7.6;20.8;85.8;0;
2007-01-24;38;21.9;84.6;0;
2007-01-25;.4;24.7;73.5;.4;
2007-01-26;10.4;24.1;76;.8;
2007-01-27;3.4;25;74.3;.9;
2007-01-28;15;24.6;71.4;1.1;
2007-01-29;0;25.1;70.5;1.2;
2007-01-30;5;24;74.8;1.1;
2007-01-31;7.6;22;89.1;.3;
2007-02-01;34.8;23.2;83.3;.3;
2007-02-02;5.6;25;76.8;0;
2007-02-03;1;22.8;83;0;
2007-02-04;62;22.5;84;0;
2007-02-05;13.2;22.2;86;0;
2007-02-06;18.2;24;77.8;0;
2007-02-07;5.8;24.3;70.6;0;
2007-02-08;0;24.2;68.1;0;
2007-02-09;0;24.3;66.2;0;
2007-02-10;0;24.3;70.9;.5;
2007-02-11;0;25.8;65.5;1.2;
2007-02-12;5.8;19.9;90.1;.3;
2007-02-13;22.4;20.5;76.6;.5;
2007-02-14;0;20.6;80.6;.3;
2007-02-15;32.6;20;88.4;.3;
2007-02-16;10;23.5;77.5;.1;
2007-02-17;0;24.5;75.3;0;
2007-02-18;0;22.8;82.3;0;
2007-02-19;6.4;23.5;80.7;0;
2007-02-20;0;24.3;73.5;0;
2007-02-21;.2;23.9;68.4;0;
2007-02-22;0;23.6;69.1;0;
2007-02-23;0;22.5;80.9;0;
2007-02-24;3;21.3;79.2;0;
2007-02-25;4.6;23.3;69.5;0;
2007-02-26;0;23.9;76.2;0;
2007-02-27;.6;23.9;69.9;0;
2007-02-28;0;24.4;60.5;0;
2007-03-01;0;23.3;67.2;0;
2007-03-02;0;23;73.5;0;
2007-03-03;0;23.9;70.6;0;
2007-03-04;0;22.9;73.1;0;
2007-03-05;0;21.7;79.6;0;
2007-03-06;1.8;23.6;72.5;0;
2007-03-07;0;24;69.7;0;
2007-03-08;0;24.1;67.7;0;
2007-03-09;0;23.7;61.2;0;
2007-03-10;0;24.4;57.6;0;
2007-03-11;0;24.1;61.6;0;
2007-03-12;0;24.2;62.5;0;
2007-03-13;0;24;63.9;0;
2007-03-14;0;23.5;71.4;0;
2007-03-15;0;24.8;63.2;0;
2007-03-16;0;25.3;62.3;0;
2007-03-17;0;24.6;70.3;0;
2007-03-18;14.2;24.1;72.7;0;
2007-03-19;16;24.7;73;0;
2007-03-20;0;26;70;0;
2007-03-21;18.8;24.5;77.1;0;
2007-03-22;0;25.8;71.7;0;
2007-03-23;0;25.6;71.2;0;
2007-03-24;.6;24.9;73;0;
2007-03-25;0;24.8;71.9;0;
2007-03-26;0;24.4;71;0;
2007-03-27;.2;24.4;69.8;0;
2007-03-28;0;24.7;66.8;0;
2007-03-29;0;23.9;73.5;0;
2007-03-30;0;24.2;72;0;
2007-03-31;0;23.7;73.5;0;
2007-04-01;.2;23.7;67.8;0;
2007-04-02;0;22.8;72.7;0;
2007-04-03;.2;23.6;70.9;0;
2007-04-04;0;24.6;66.7;0;
2007-04-05;0;23.9;72.9;0;
2007-04-06;0;22.3;79.2;0;
2007-04-07;.4;22.2;74.3;0;
2007-04-08;0;24.1;68.4;0;
2007-04-09;2;22.3;80.6;0;
2007-04-10;4;22.3;74.5;0;
2007-04-11;.2;21.9;71.8;0;
2007-04-12;0;22.6;67.4;0;
2007-04-13;0;22.2;72.2;0;
2007-04-14;4.4;21.8;78.2;0;
2007-04-15;.2;21.2;81.5;0;
2007-04-16;42.6;20.9;83.5;0;
2007-04-17;8.6;20.2;80.3;0;
2007-04-18;.2;21.4;77.9;0;
2007-04-19;1.2;21.8;79.6;0;
2007-04-20;.2;21.7;80;0;
2007-04-21;.2;22.1;82.3;0;
2007-04-22;5.4;21.1;90.7;0;
2007-04-23;3.2;22;82.9;0;
2007-04-24;26.4;22;79.4;0;
2007-04-25;12.8;22.7;76.2;0;
2007-04-26;0;22.7;70;0;
2007-04-27;0;24;68.9;0;
2007-04-28;31.8;19.4;83;0;
2007-04-29;1.2;18.6;86.5;0;
2007-04-30;0;20.1;82.7;0;
2007-05-01;.4;19.4;75.8;0;
2007-05-02;0;18.4;75;0;
2007-05-03;.2;19;67.5;0;
2007-05-04;1.2;17.1;84.3;0;
2007-05-05;.2;18.1;78.4;0;
2007-05-06;0;20;76;0;
2007-05-07;.2;21.4;69.5;0;
2007-05-08;0;21.8;67.3;0;
2007-05-09;0;21.3;71.2;0;
2007-05-10;2;16.7;75.5;0;
2007-05-11;0;16.3;75.3;0;
2007-05-12;.2;17;72.5;0;
2007-05-13;0;18.8;69.5;0;
2007-05-14;null;20.1;67.6;0;
2007-05-15;0;20.3;72.7;0;
2007-05-16;0;21.7;69.3;0;
2007-05-17;0;21.9;65.3;0;
2007-05-18;0;20.8;68.1;0;
2007-05-19;0;19.3;74.7;0;
2007-05-20;.2;18.5;86.1;0;
2007-05-21;1.4;20.3;83.5;0;
2007-05-22;0;19.7;76.9;0;
2007-05-23;0;21.6;69.3;0;
2007-05-24;3.4;17.5;85.8;0;
2007-05-25;.8;16.5;72.6;0;
2007-05-26;0;14.9;74.5;0;
2007-05-27;.2;16.7;75;0;
2007-05-28;6.2;18.4;85.2;0;
2007-05-29;0;18.6;86.7;0;
2007-05-30;.4;17;80;0;
2007-05-31;0;14.3;79.5;0;
2007-06-01;0;16.1;74.1;0;
2007-06-02;0;21;59.8;0;
2007-06-03;3;20.8;77.3;0;
2007-06-04;0;18.2;65.6;0;
2007-06-05;.2;14.7;75.1;0;
2007-06-06;0;16.4;77.1;0;
2007-06-07;.2;17;75.6;0;
2007-06-08;0;19;71.5;0;
2007-06-09;0;19.2;72.5;0;
2007-06-10;.2;19;75.6;0;
2007-06-11;0;19.3;67.5;0;
2007-06-12;0;18.8;66.4;0;
2007-06-13;.2;18.6;66.5;0;
2007-06-14;0;20;65.6;0;
2007-06-15;0;20.9;61.5;0;
2007-06-16;0;21.9;57.4;0;
2007-06-17;0;19.1;75.4;0;
2007-06-18;.2;18.3;71.4;0;
2007-06-19;0;18.1;67;0;
2007-06-20;0;17.6;68.8;0;
2007-06-21;.2;17.7;69.7;0;
2007-06-22;0;18.1;67.7;0;
2007-06-23;0;18.2;72;0;
2007-06-24;0;19.6;64.3;0;
2007-06-25;0;18.6;70.1;0;
2007-06-26;0;18.2;78.8;0;
2007-06-27;.2;17.4;77.3;0;
2007-06-28;0;19;64.8;0;
2007-06-29;0;19.1;66.7;0;
2007-06-30;0;19;74.4;0;
2007-07-01;0;17.3;78.5;0;
2007-07-02;0;18.3;78.3;0;
2007-07-03;0;16.9;79.3;0;
2007-07-04;.2;16.8;72.4;0;
2007-07-05;0;18.3;66.7;0;
2007-07-06;0;18.9;66.2;0;
2007-07-07;0;18.5;64;0;
2007-07-08;0;17.6;70.6;0;
2007-07-09;.2;19.3;66.5;0;
2007-07-10;0;18.9;64;0;
2007-07-11;0;20.4;54.6;0;
2007-07-12;0;18.7;71;0;
2007-07-13;0;17.9;71.3;0;
2007-07-14;0;18.2;64.1;0;
2007-07-15;0;20.2;55.1;0;
2007-07-16;0;19.6;65.5;0;
2007-07-17;0;20.6;67.2;0;
2007-07-18;0;20.1;68.2;0;
2007-07-19;0;20.7;60.7;0;
2007-07-20;0;18.5;68.8;0;
2007-07-21;0;20.7;60.8;0;
2007-07-22;0;20.1;60.5;0;
2007-07-23;0;24;45.3;0;
2007-07-24;0;23.4;57.7;0;
2007-07-25;0;22.5;57.1;0;
2007-07-26;0;18.1;67.3;0;
2007-07-27;0;16.8;75;0;
2007-07-28;.2;16.3;88.2;.4;
2007-07-29;6.4;14.4;83;.8;
2007-07-30;.2;13.3;65.9;.6;
2007-07-31;.2;13.5;66.2;.3;
2007-08-01;0;15.7;65.8;.4;
2007-08-02;0;17.3;62.3;.5;
2007-08-03;0;18.7;58;.6;
2007-08-04;.2;18.2;62.5;.7;
2007-08-05;0;19.5;57.8;.7;
2007-08-06;0;19.5;66.8;.6;
2007-08-07;0;20;60.2;.7;
2007-08-08;0;20.5;58.3;.8;
2007-08-09;0;19;66.6;.4;
2007-08-10;0;18.9;61.5;.5;
2007-08-11;0;19.5;67.8;.3;
2007-08-12;0;19.7;65.9;.8;
2007-08-13;0;19.9;64.6;.8;
2007-08-14;0;18.6;66.4;.5;
2007-08-15;0;18.6;61.8;.4;
2007-08-16;0;17.5;63.5;.4;
2007-08-17;0;18.1;68.4;.8;
2007-08-18;0;19.3;68.5;.6;
2007-08-19;0;19.2;63.5;.4;
2007-08-20;0;19.1;59.2;.4;
2007-08-21;0;19.1;58.3;.8;
2007-08-22;0;19.4;64;.6;
2007-08-23;0;17.2;69.6;.6;
2007-08-24;0;19.2;59.9;.6;
2007-08-25;0;21.1;51.7;.5;
2007-08-26;0;22.8;42;.7;
2007-08-27;0;24.6;37.8;.8;
2007-08-28;0;20.1;65.2;.8;
2007-08-29;0;21.9;66.6;1;
2007-08-30;.2;19.3;81.5;1.3;
2007-08-31;2.4;20.1;74.7;.9;
2007-09-01;.2;20.7;67.5;.4;
2007-09-02;0;22.6;60.6;.4;
2007-09-03;.2;21.5;69.8;0;
2007-09-04;0;20.4;69.6;0;
2007-09-05;0;18.1;83.5;0;
2007-09-06;2.8;21;67.9;0;
2007-09-07;.2;19.8;69.1;0;
2007-09-08;0;20.2;62.5;0;
2007-09-09;0;19.8;62.7;0;
2007-09-10;0;20.1;66;0;
2007-09-11;0;20.2;59.5;0;
2007-09-12;0;20.1;57;0;
2007-09-13;0;21.8;58;0;
2007-09-14;0;20.7;58.2;0;
2007-09-15;0;22.1;48.3;0;
2007-09-16;0;23.6;44.1;0;
2007-09-17;0;21.3;61.2;0;
2007-09-18;0;19.7;63.1;0;
2007-09-19;0;20.4;60.1;0;
2007-09-20;0;23.8;48.8;0;
2007-09-21;0;23.1;51.1;0;
2007-09-22;0;22.3;54.8;0;
2007-09-23;0;23.9;47.2;0;
2007-09-24;0;28.3;33.5;0;
2007-09-25;0;18.4;67.2;0;
2007-09-26;0;17;62.1;0;
2007-09-27;0;19.5;63.3;0;
2007-09-28;0;22.2;59.8;0;
2007-09-29;5.8;21.9;68.1;0;
2007-09-30;1.2;18.4;73.3;0;
2007-10-01;0;18.5;60.9;0;
2007-10-02;0;19.2;59.6;0;
2007-10-03;0;19.9;57.9;0;
2007-10-04;0;20.4;58.6;0;
2007-10-05;0;20.2;59.5;0;
2007-10-06;0;21.7;53.7;0;
2007-10-07;0;22.4;55.9;0;
2007-10-08;0;22.5;60.1;0;
2007-10-09;0;22.7;56.2;0;
2007-10-10;0;22;53.7;0;
2007-10-11;0;23.7;46.3;0;
2007-10-12;0;23.6;48.3;0;
2007-10-13;0;26.2;44.3;0;
2007-10-14;0;26.5;48.2;0;
2007-10-15;0;25.3;55;0;
2007-10-16;0;24.9;51;0;
2007-10-17;0;27.2;42.8;0;
2007-10-18;0;24.4;61.1;0;
2007-10-19;21;21.1;79.2;0;
2007-10-20;14.6;23;73.5;0;
2007-10-21;.2;25.2;66.8;0;
2007-10-22;0;23.9;69.5;0;
2007-10-23;2.4;23.2;69.4;0;
2007-10-24;.2;22.2;73.7;0;
2007-10-25;0;23.4;69.5;0;
2007-10-26;20.2;20.6;84.8;0;
2007-10-27;7.2;25.9;58.8;0;
2007-10-28;9.8;23.9;70.5;0;
2007-10-29;0;24.7;69.9;0;
2007-10-30;.6;26.4;62.8;0;
2007-10-31;.2;25.2;70.9;0;
2007-11-01;0;28.1;50.3;0;
2007-11-02;0;26.7;59.6;0;
2007-11-03;0;29.1;50.3;0;
2007-11-04;15.8;22.9;83.1;0;
2007-11-05;7.4;19.7;85.2;0;
2007-11-06;6.6;22.6;73.7;0;
2007-11-07;0;22.4;74.3;0;
2007-11-08;1.2;22.5;77.6;0;
2007-11-09;.2;22.3;74.2;0;
2007-11-10;0;24.2;61.6;0;
2007-11-11;0;26.1;56.9;0;
2007-11-12;0;null;74.3;0;
2007-11-13;null;null;null;null;
2007-11-14;null;null;null;null;
2007-11-15;null;null;null;null;
2007-11-16;null;20.3;80.9;0;
2007-11-17;1.2;18.2;84.7;0;
2007-11-18;1.8;20.9;76.6;0;
2007-11-19;.2;23.5;69.3;0;
2007-11-20;6.8;22.7;73.3;0;
2007-11-21;33.6;21.9;75.2;0;
2007-11-22;10;20.3;67.5;0;
2007-11-23;0;21.3;62.4;0;
2007-11-24;0;23;64.7;0;
2007-11-25;0;24.4;67.6;0;
2007-11-26;5.4;22.6;78.1;0;
2007-11-27;7.2;22.5;77.9;0;
2007-11-28;21;22.7;69.8;0;
2007-11-29;9.6;20.1;65.5;0;
2007-11-30;.2;22.2;63.8;0;
2007-12-01;0;22.4;73.9;0;
2007-12-02;6.4;24.8;66.6;0;
2007-12-03;1;24.3;69.2;0;
2007-12-04;.6;22.5;75.7;0;
2007-12-05;.6;25;68.7;0;
2007-12-06;.6;27.9;52.2;0;
2007-12-07;1;26.5;65.1;0;
2007-12-08;27;22.5;85.6;0;
2007-12-09;2.8;24.5;78.5;0;
2007-12-10;5;25.6;63.3;0;
2007-12-11;4.4;25.1;61.9;0;
2007-12-12;3.6;26.1;63.3;0;
2007-12-13;2;21.9;85.3;0;
2007-12-14;2.6;19.9;91.6;0;
2007-12-15;6.4;21.6;79.6;0;
2007-12-16;12;22.7;71.2;0;
2007-12-17;11.2;23;67;0;
2007-12-18;8.4;22.4;68.2;0;
2007-12-19;6.8;22.5;77;0;
2007-12-20;4.2;23.2;79.3;0;
2007-12-21;2.2;22.6;81;0;
2007-12-22;1.6;23.4;75.7;0;
2007-12-23;1.8;23.9;75;0;
2007-12-24;1.8;24.5;67.1;0;
2007-12-25;1.6;24.1;64.6;0;
2007-12-26;1;24.1;65.2;0;
2007-12-27;1.2;24.6;70.5;0;
2007-12-28;.8;24.9;69.2;0;
2007-12-29;.8;25;65.5;0;
2007-12-30;.8;26.3;57;0;
2007-12-31;.6;25.8;57.4;0;
2008-01-01;.4;25.9;59.4;0;
2008-01-02;.2;24.5;62.8;0;
2008-01-03;0;24.6;58.3;0;
2008-01-04;0;25;55.2;0;
2008-01-05;0;25.8;52.8;0;
2008-01-06;0;22.9;74.6;0;
2008-01-07;2.4;21;83;0;
2008-01-08;.4;21.4;82.5;0;
2008-01-09;35.2;22;77.7;0;
2008-01-10;13.6;22.9;75.2;0;
2008-01-11;0;24.5;69.5;0;
2008-01-12;0;25.7;60.8;0;
2008-01-13;0;24.8;63.4;0;
2008-01-14;0;22.7;72.7;0;
2008-01-15;0;20.4;82.8;0;
2008-01-16;36;22.3;72.9;0;
2008-01-17;0;25.1;61.7;0;
2008-01-18;18.4;24.1;71;0;
2008-01-19;0;26.6;63;0;
2008-01-20;.2;26.1;66.9;0;
2008-01-21;21.2;22.1;82.3;0;
2008-01-22;11.2;19.9;80.7;0;
2008-01-23;27.8;19.4;84.5;0;
2008-01-24;.4;20.8;77.5;0;
2008-01-25;.2;21.4;78.4;0;
2008-01-26;0;19.5;83.9;0;
2008-01-27;8.6;19.3;82.6;0;
2008-01-28;14.2;18.4;90.7;0;
2008-01-29;11.4;20.8;83.2;0;
2008-01-30;9.8;21.4;86.1;0;
2008-01-31;18.8;23.5;77.3;0;
2008-02-01;3.8;24.6;75.5;0;
2008-02-02;0;26;69.8;0;
2008-02-03;0;26.5;65;0;
2008-02-04;27.2;20.7;89.6;0;
2008-02-05;26.6;20.7;86.5;0;
2008-02-06;5.6;21.2;86.6;0;
2008-02-07;14.8;23.2;77.9;0;
2008-02-08;.2;24.9;74.3;0;
2008-02-09;7.4;23.9;79.2;0;
2008-02-10;0;25.5;67.1;0;
2008-02-11;0;25.8;66.3;0;
2008-02-12;0;25.5;67.1;0;
2008-02-13;.2;25.6;63.7;0;
2008-02-14;0;26;63.5;0;
2008-02-15;0;23.9;72.5;0;
2008-02-16;8.6;23.9;71.2;0;
2008-02-17;0;24.3;66.1;0;
2008-02-18;0;24.5;66.5;0;
2008-02-19;24;21.6;82.5;0;
2008-02-20;6.6;23;77.1;0;
2008-02-21;.4;24.6;69.8;0;
2008-02-22;0;24.4;73.2;0;
2008-02-23;1.6;23.7;77.5;0;
2008-02-24;13.8;20.9;88.4;0;
2008-02-25;10.6;20.6;88.9;0;
2008-02-26;13.4;21.5;80.9;0;
2008-02-27;7.4;20.3;86.2;0;
2008-02-28;12.4;21.2;73.8;0;
2008-02-29;4.2;21.7;75;0;
2008-03-01;0;21.7;83;0;
2008-03-02;4;23.8;77.4;0;
2008-03-03;.2;25;72.3;0;
2008-03-04;0;25.1;71.4;0;
2008-03-05;.2;25.3;70.3;0;
2008-03-06;0;24.1;76.1;0;
2008-03-07;7.8;23.3;82.5;0;
2008-03-08;10;22.1;82.8;0;
2008-03-09;6.4;21.5;85.3;0;
2008-03-10;31.4;22.9;78.5;0;
2008-03-11;0;23.9;70.7;0;
2008-03-12;0;24.2;72.7;0;
2008-03-13;0;24.8;70.4;0;
2008-03-14;.8;21.5;87.5;0;
2008-03-15;16.4;20.9;83;0;
2008-03-16;3.6;22.8;80.9;0;
2008-03-17;0;24.4;75.6;0;
2008-03-18;0;22.9;78.5;0;
2008-03-19;1.6;21.7;79.5;0;
2008-03-20;.2;22.7;75;0;
2008-03-21;0;23.3;76.6;0;
2008-03-22;1.6;23.6;70.4;0;
2008-03-23;0;24.1;68.8;0;
2008-03-24;0;23.6;77;0;
2008-03-25;3.8;21.8;84;0;
2008-03-26;15.8;20.9;83.1;0;
2008-03-27;4.4;20.9;81.4;0;
2008-03-28;3.4;21.9;78.7;0;
2008-03-29;0;22.5;77.7;0;
2008-03-30;0;21.2;78.1;0;
2008-03-31;5.8;19.9;79;0;
2008-04-01;0;20.1;72.8;0;
2008-04-02;0;20.9;74.5;0;
2008-04-03;0;22.6;70.8;0;
2008-04-04;0;21.9;81.1;0;
2008-04-05;7;20;90.5;0;
2008-04-06;16;19.9;88.9;0;
2008-04-07;2.6;23;80.4;0;
2008-04-08;0;23.6;78.2;0;
2008-04-09;1.2;22.8;82.2;0;
2008-04-10;0;24.4;79.1;0;
2008-04-11;13.2;23.1;79.5;0;
2008-04-12;0;24;72.8;0;
2008-04-13;0;24.1;72.3;0;
2008-04-14;0;24.5;71.8;0;
2008-04-15;5.8;22;81.1;0;
2008-04-16;.2;21.2;83.8;0;
2008-04-17;0;22.8;79.2;0;
2008-04-18;50;22.2;83.6;0;
2008-04-19;11.8;21.1;83.5;0;
2008-04-20;.8;22.1;80.3;0;
2008-04-21;0;24;74.8;0;
2008-04-22;0;22.7;75.8;0;
2008-04-23;.2;23.2;73.5;0;
2008-04-24;0;21.6;80.7;0;
2008-04-25;0;22.5;80.5;.4;
2008-04-26;0;23.1;79.3;.6;
2008-04-27;.2;23.5;73.3;.6;
2008-04-28;0;23;74.6;.4;
2008-04-29;0;23.5;69.9;.5;
2008-04-30;0;23;74.8;.7;
2008-05-01;32;18;84.5;.5;
2008-05-02;2.2;19.4;78.1;.2;
2008-05-03;0;20.9;81.2;.4;
2008-05-04;0;22.5;77.6;.4;
2008-05-05;0;21.6;82.2;.3;
2008-05-06;.2;20.2;78.2;.5;
2008-05-07;0;17.3;78.7;.4;
2008-05-08;0;16.6;74.8;.3;
2008-05-09;.2;16.7;79.6;.6;
2008-05-10;0;17.6;78;.3;
2008-05-11;0;17.9;74.2;.4;
2008-05-12;0;16.5;76.8;.2;
2008-05-13;0;16.9;75;.5;
2008-05-14;0;17.5;78.6;.4;
2008-05-15;0;17.9;82.3;.5;
2008-05-16;0;18.4;77;.3;
2008-05-17;0;19.1;81.2;.6;
2008-05-18;0;19.6;73;.4;
2008-05-19;0;19.2;77;.4;
2008-05-20;0;20;75.2;.4;
2008-05-21;.2;19.1;78.8;.5;
2008-05-22;0;19.8;72.7;.3;
2008-05-23;0;19.2;71;.4;
2008-05-24;.2;18.9;72.5;.3;
2008-05-25;0;19.8;66.8;.3;
2008-05-26;0;19.8;68.3;.3;
2008-05-27;0;19.1;73.6;.4;
2008-05-28;0;19.1;73.1;.3;
2008-05-29;0;19.7;65.7;.8;
2008-05-30;0;21.6;60.5;.6;
2008-05-31;15.2;17.8;84;.7;
2008-06-01;.8;15.7;86.7;.3;
2008-06-02;0;16.8;84;.9;
2008-06-03;.8;17.6;81.4;.2;
2008-06-04;0;18.9;75.2;.3;
2008-06-05;0;19.9;75.6;.5;
2008-06-06;0;19.2;79.1;.5;
2008-06-07;0;19.3;71.8;.3;
2008-06-08;.2;18.6;73.3;.3;
2008-06-09;0;19.8;69.8;.7;
2008-06-10;0;22.6;58.4;1.5;
2008-06-11;0;20.1;73.3;.4;
2008-06-12;0;20.9;74.7;.3;
2008-06-13;0;20.1;69.3;.3;
2008-06-14;0;19.2;71;.3;
2008-06-15;0;21;54.9;1.1;
2008-06-16;0;16.3;78.7;.8;
2008-06-17;0;15.8;76.5;.5;
2008-06-18;0;16.8;75.7;.6;
2008-06-19;0;17.3;76.2;.3;
2008-06-20;0;18.3;70.6;.6;
2008-06-21;0;20.6;62.7;.5;
2008-06-22;0;20;67.1;.7;
2008-06-23;0;17.5;81;.8;
2008-06-24;.4;16.4;83.9;.3;
2008-06-25;7.4;17.1;83.8;.5;
2008-06-26;.8;16.4;81.1;.6;
2008-06-27;.2;15.4;82.4;.1;
2008-06-28;0;16.1;77.6;.3;
2008-06-29;0;17.4;77.1;.4;
2008-06-30;.2;16.3;80.4;.5;
2008-07-01;0;17.5;75.6;.3;
2008-07-02;0;18.5;70.3;.2;
2008-07-03;0;19;75.4;.2;
2008-07-04;.2;17.1;79.6;.2;
2008-07-05;10.6;16.6;76.8;.4;
2008-07-06;0;16.8;74.8;.3;
2008-07-07;0;15.3;78.4;.4;
2008-07-08;0;15.8;73;.3;
2008-07-09;0;15;73.5;.4;
2008-07-10;0;17;74.3;.4;
2008-07-11;0;17.7;72;.4;
2008-07-12;2.4;16.6;79.5;.5;
2008-07-13;.2;14.3;76.1;.5;
2008-07-14;0;14.1;74.4;.4;
2008-07-15;0;15.3;72.8;.3;
2008-07-16;.2;15;73.6;.4;
2008-07-17;0;15.9;67.9;.4;
2008-07-18;0;18.2;56.2;.5;
2008-07-19;0;17.5;60.9;.5;
2008-07-20;0;18.6;61.3;.6;
2008-07-21;0;18.3;63.3;.3;
2008-07-22;0;18.1;61.3;.4;
2008-07-23;0;19.8;53.9;.5;
2008-07-24;0;19.8;58.6;.5;
2008-07-25;0;20.7;60.6;.5;
2008-07-26;0;18.7;71.2;.8;
2008-07-27;0;18.5;66.5;.5;
2008-07-28;0;16.8;67.5;.3;
2008-07-29;0;17.5;59.3;.5;
2008-07-30;0;17.9;57;.6;
2008-07-31;0;19.5;53.9;.5;
2008-08-01;0;20.4;54.8;.7;
2008-08-02;0;20.6;55;1;
2008-08-03;0;23.8;42.8;1;
2008-08-04;0;19.2;71.8;.6;
2008-08-05;0;20.2;72.7;.5;
2008-08-06;2.6;21.7;72.5;.5;
2008-08-07;.2;22.2;65.3;.6;
2008-08-08;0;21.2;62.9;.5;
2008-08-09;0;21.6;67.7;.3;
2008-08-10;0;18.6;78.1;.6;
2008-08-11;0;19.7;65.8;.3;
2008-08-12;0;19.9;64.1;.4;
2008-08-13;0;21.2;55.5;.7;
2008-08-14;0;19.6;59.3;.5;
2008-08-15;0;20.2;56.3;.8;
2008-08-16;0;19.8;62;.8;
2008-08-17;0;20.2;56.7;.7;
2008-08-18;0;19.9;57.1;.5;
2008-08-19;0;19.1;59.2;.4;
2008-08-20;0;19.3;62.9;.6;
2008-08-21;0;18.7;64.7;.3;
2008-08-22;0;20.1;53;.7;
2008-08-23;0;18.6;71.9;.7;
2008-08-24;3.4;18.1;79.8;.7;
2008-08-25;0;17.2;74.5;.5;
2008-08-26;.2;19.9;57.9;.6;
2008-08-27;0;18.9;64.6;.7;
2008-08-28;0;19.9;68.6;.7;
2008-08-29;0;20.6;63.4;.4;
2008-08-30;0;19.7;71.9;.9;
2008-08-31;20.4;16.7;80;.5;
2008-09-01;.6;17.4;66.4;.6;
2008-09-02;0;17.4;66.3;.5;
2008-09-03;0;19.9;53.1;.5;
2008-09-04;0;21.8;46.8;.7;
2008-09-05;0;21.6;52.1;.9;
2008-09-06;0;22.7;59.2;.5;
2008-09-07;0;24.9;47.3;.7;
2008-09-08;0;22.1;69;.9;
2008-09-09;0;22.6;65.2;1;
2008-09-10;0;21.5;64.9;.4;
2008-09-11;0;22.5;59.6;.7;
2008-09-12;0;25.4;44.1;1;
2008-09-13;0;24.9;48.8;1.1;
2008-09-14;0;22.1;70.4;.9;
2008-09-15;14.8;21.8;73.2;.5;
2008-09-16;12.8;18.6;84.1;.9;
2008-09-17;9.8;15.4;88.1;1.1;
2008-09-18;8.6;14.3;88.5;.4;
2008-09-19;6.8;16.3;68.7;.3;
2008-09-20;1.2;17.5;70;.2;
2008-09-21;0;18.4;72.9;.7;
2008-09-22;4.6;20.7;72.5;.6;
2008-09-23;0;19.9;67.5;.7;
2008-09-24;0;19.3;66.6;.8;
2008-09-25;0;19.5;63.1;1.1;
2008-09-26;0;17.4;74.2;.5;
2008-09-27;15.2;18.8;75.1;.6;
2008-09-28;7.2;19;72.8;.8;
2008-09-29;4.8;19.3;67.3;1;
2008-09-30;0;21;64;.5;
2008-10-01;0;23.7;65;.8;
2008-10-02;0;20.9;82.1;.2;
2008-10-03;1.2;21.2;83.5;.1;
2008-10-04;.6;24;70.1;.8;
2008-10-05;0;26.9;50.6;1.5;
2008-10-06;0;23.1;69.6;1.4;
2008-10-07;0;23.2;66.5;1.3;
2008-10-08;0;20.6;76.6;1.5;
2008-10-09;1.2;16;79.3;1.4;
2008-10-10;.8;16.2;77.3;1.3;
2008-10-11;0;18.5;65.6;.1;
2008-10-12;0;20.1;71.3;.6;
2008-10-13;0;22.6;68;.6;
2008-10-14;0;22.9;63.6;1;
2008-10-15;0;24.9;54.3;.6;
2008-10-16;0;25.9;54.7;.4;
2008-10-17;0;23;69;.8;
2008-10-18;1;24.9;64.5;1;
2008-10-19;16.4;20.1;85.5;.6;
2008-10-20;5.6;19.2;87;.9;
2008-10-21;6;20.5;78.8;1.1;
2008-10-22;3.2;21.2;78.3;.3;
2008-10-23;.6;23.2;65;.4;
2008-10-24;0;23.4;60.8;.5;
2008-10-25;0;25.1;53.7;.5;
2008-10-26;0;24.8;62.5;.5;
2008-10-27;0;27.8;49.2;1.1;
2008-10-28;0;24;64.5;.9;
2008-10-29;0;22.6;71.5;.4;
2008-10-30;0;24.5;67.2;.6;
2008-10-31;0;24.2;67;.8;
2008-11-01;.8;19.9;67.4;.3;
2008-11-02;0;23.3;64.4;.4;
2008-11-03;0;24.8;66.5;.4;
2008-11-04;7.4;24.4;74.3;.9;
2008-11-05;9;22.2;80.8;.4;
2008-11-06;3;25.5;65.3;.8;
2008-11-07;11.8;21.6;80.8;.5;
2008-11-08;9.4;22.8;78.8;.6;
2008-11-09;10.6;23.5;78.5;.8;
2008-11-10;.4;23.1;80.8;.3;
2008-11-11;12.2;21.6;81.2;.7;
2008-11-12;.8;22;75.5;.6;
2008-11-13;8.6;22.2;79.3;.3;
2008-11-14;3;19.8;89.2;.3;
2008-11-15;31.4;23;76;0;
2008-11-16;8.4;23.8;71.8;0;
2008-11-17;2.6;22.3;75.9;0;
2008-11-18;28.2;20.4;82.8;0;
2008-11-19;7.4;19.5;85.1;0;
2008-11-20;4;18;76.4;0;
2008-11-21;4.2;17.4;82.7;0;
2008-11-22;4;17.4;86.8;0;
2008-11-23;7;18.9;85.5;0;
2008-11-24;4.2;19.2;83.8;0;
2008-11-25;4.4;20.1;81.2;0;
2008-11-26;5.8;21.3;76.7;0;
2008-11-27;4.8;21;80.6;0;
2008-11-28;4.2;20.9;80;0;
2008-11-29;null;null;null;null;
2008-11-30;null;null;null;null;
2008-12-01;null;null;null;null;
2008-12-02;null;null;null;null;
2008-12-03;null;null;null;null;
2008-12-04;null;null;null;null;
2008-12-05;null;null;null;null;
2008-12-06;null;20.8;78.1;.2;
2008-12-07;1;22.2;79.2;.4;
2008-12-08;.4;23.9;72.3;.5;
2008-12-09;0;24.2;71.3;.8;
2008-12-10;0;25.2;64.3;.5;
2008-12-11;0;26.4;59.4;1.4;
2008-12-12;21;23;84.2;.7;
2008-12-13;78.8;20.6;86.7;1;
2008-12-14;12;20.3;84;.3;
2008-12-15;25.4;21.3;87.8;.1;
2008-12-16;59.6;21.9;87.3;.2;
2008-12-17;24.8;null;81.7;.2;
2008-12-18;null;null;null;null;
2008-12-19;null;null;null;null;
2008-12-20;null;null;null;null;
2008-12-21;null;null;null;null;
2008-12-22;null;null;null;null;
2008-12-23;null;null;null;null;
2008-12-24;null;null;null;null;
2008-12-25;null;null;null;null;
2008-12-26;null;null;null;null;
2008-12-27;null;null;null;null;
2008-12-28;null;null;null;null;
2008-12-29;null;null;null;null;
2008-12-30;null;null;null;null;
2008-12-31;null;null;null;null;
2009-01-01;null;null;null;null;
2009-01-02;null;null;null;null;
2009-01-03;null;null;null;null;
2009-01-04;null;null;null;null;
2009-01-05;null;null;null;null;
2009-01-06;null;null;null;null;
2009-01-07;null;null;null;null;
2009-01-08;null;null;null;null;
2009-01-09;null;null;null;null;
2009-01-10;null;null;null;null;
2009-01-11;null;null;null;null;
2009-01-12;null;null;null;null;
2009-01-13;null;null;null;null;
2009-01-14;null;null;null;null;
2009-01-15;null;null;null;null;
2009-01-16;null;null;null;null;
2009-01-17;null;null;null;null;
2009-01-18;null;null;null;null;
2009-01-19;null;null;null;null;
2009-01-20;null;null;null;null;
2009-01-21;null;null;null;null;
2009-01-22;null;null;null;null;
2009-01-23;null;null;null;null;
2009-01-24;null;null;null;null;
2009-01-25;null;null;null;null;
2009-01-26;null;null;null;null;
2009-01-27;null;null;null;null;
2009-01-28;null;null;null;null;
2009-01-29;null;null;null;null;
2009-01-30;null;null;null;null;
2009-01-31;null;null;null;null;
2009-02-01;null;null;null;null;
2009-02-02;null;null;null;null;
2009-02-03;null;null;null;null;
2009-02-04;null;null;null;null;
2009-02-05;null;null;null;null;
2009-02-06;null;null;null;null;
2009-02-07;null;null;null;null;
2009-02-08;null;null;null;null;
2009-02-09;null;null;null;null;
2009-02-10;null;null;null;null;
2009-02-11;null;null;null;null;
2009-02-12;null;null;null;null;
2009-02-13;null;null;null;null;
2009-02-14;null;null;null;null;
2009-02-15;null;null;null;null;
2009-02-16;null;null;null;null;
2009-02-17;null;null;null;null;
2009-02-18;null;null;null;null;
2009-02-19;null;null;null;null;
2009-02-20;null;null;null;null;
2009-02-21;null;null;null;null;
2009-02-22;null;null;null;null;
2009-02-23;null;null;null;null;
2009-02-24;null;null;null;null;
2009-02-25;null;null;null;null;
2009-02-26;null;null;null;null;
2009-02-27;null;null;null;null;
2009-02-28;null;null;null;null;
2009-03-01;null;null;null;null;
2009-03-02;null;null;null;null;
2009-03-03;null;null;null;null;
2009-03-04;null;null;null;null;
2009-03-05;null;null;null;null;
2009-03-06;null;null;null;null;
2009-03-07;null;null;null;null;
2009-03-08;null;null;null;null;
2009-03-09;null;null;null;null;
2009-03-10;null;null;null;null;
2009-03-11;null;null;null;null;
2009-03-12;null;null;null;null;
2009-03-13;null;null;null;null;
2009-03-14;null;null;null;null;
2009-03-15;null;null;null;null;
2009-03-16;null;null;null;null;
2009-03-17;null;null;null;null;
2009-03-18;null;null;null;null;
2009-03-19;null;null;null;null;
2009-03-20;null;null;null;null;
2009-03-21;null;null;null;null;
2009-03-22;null;null;null;null;
2009-03-23;null;null;null;null;
2009-03-24;null;null;null;null;
2009-03-25;null;null;null;null;
2009-03-26;null;null;null;null;
2009-03-27;null;null;null;null;
2009-03-28;null;null;null;null;
2009-03-29;null;null;null;null;
2009-03-30;null;null;null;null;
2009-03-31;null;null;null;null;
2009-04-01;null;null;null;null;
2009-04-02;null;null;null;null;
2009-04-03;null;null;null;null;
2009-04-04;null;null;null;null;
2009-04-05;null;null;null;null;
2009-04-06;null;null;null;null;
2009-04-07;null;null;null;null;
2009-04-08;null;null;null;null;
2009-04-09;null;null;null;null;
2009-04-10;null;null;null;null;
2009-04-11;null;null;null;null;
2009-04-12;null;null;null;null;
2009-04-13;null;null;null;null;
2009-04-14;null;null;null;null;
2009-04-15;null;null;null;null;
2009-04-16;null;null;null;null;
2009-04-17;null;null;null;null;
2009-04-18;null;null;null;null;
2009-04-19;null;null;null;null;
2009-04-20;null;null;null;null;
2009-04-21;null;null;null;null;
2009-04-22;null;null;null;null;
2009-04-23;null;null;null;null;
2009-04-24;null;null;null;null;
2009-04-25;null;null;null;null;
2009-04-26;null;null;null;null;
2009-04-27;null;null;null;null;
2009-04-28;null;null;null;null;
2009-04-29;null;null;null;null;
2009-04-30;null;null;null;null;
2009-05-01;null;null;null;null;
2009-05-02;null;null;null;null;
2009-05-03;null;null;null;null;
2009-05-04;null;null;null;null;
2009-05-05;null;null;null;null;
2009-05-06;null;null;null;null;
2009-05-07;null;null;null;null;
2009-05-08;null;null;null;null;
2009-05-09;null;null;null;null;
2009-05-10;null;null;null;null;
2009-05-11;null;null;null;null;
2009-05-12;null;null;null;null;
2009-05-13;null;null;null;null;
2009-05-14;null;null;null;null;
2009-05-15;null;null;null;null;
2009-05-16;null;null;null;null;
2009-05-17;null;null;null;null;
2009-05-18;null;null;null;null;
2009-05-19;null;null;null;null;
2009-05-20;null;null;null;null;
2009-05-21;null;null;null;null;
2009-05-22;null;null;null;null;
2009-05-23;null;null;null;null;
2009-05-24;null;null;null;null;
2009-05-25;null;null;null;null;
2009-05-26;null;null;null;null;
2009-05-27;null;null;null;null;
2009-05-28;null;null;null;null;
2009-05-29;null;null;null;null;
2009-05-30;null;null;null;null;
2009-05-31;null;null;null;null;
2009-06-01;null;null;null;null;
2009-06-02;null;null;null;null;
2009-06-03;null;null;null;null;
2009-06-04;null;null;null;null;
2009-06-05;null;null;null;null;
2009-06-06;null;null;null;null;
2009-06-07;null;null;null;null;
2009-06-08;null;null;null;null;
2009-06-09;null;null;null;null;
2009-06-10;null;null;null;null;
2009-06-11;null;null;null;null;
2009-06-12;null;null;null;null;
2009-06-13;null;null;null;null;
2009-06-14;null;null;null;null;
2009-06-15;null;null;null;null;
2009-06-16;null;null;null;null;
2009-06-17;null;null;null;null;
2009-06-18;null;null;null;null;
2009-06-19;null;null;null;null;
2009-06-20;null;null;null;null;
2009-06-21;null;null;null;null;
2009-06-22;null;null;null;null;
2009-06-23;null;null;null;null;
2009-06-24;null;null;null;null;
2009-06-25;null;null;null;null;
2009-06-26;null;null;null;null;
2009-06-27;null;null;null;null;
2009-06-28;null;null;null;null;
2009-06-29;null;null;null;null;
2009-06-30;null;null;null;null;
2009-07-01;null;null;null;null;
2009-07-02;null;null;null;null;
2009-07-03;null;null;null;null;
2009-07-04;null;null;null;null;
2009-07-05;null;null;null;null;
2009-07-06;null;null;null;null;
2009-07-07;null;null;null;null;
2009-07-08;null;null;null;null;
2009-07-09;null;null;null;null;
2009-07-10;null;null;null;null;
2009-07-11;null;null;null;null;
2009-07-12;null;null;null;null;
2009-07-13;null;null;null;null;
2009-07-14;null;null;null;null;
2009-07-15;null;null;null;null;
2009-07-16;null;null;null;null;
2009-07-17;null;null;null;null;
2009-07-18;null;null;null;null;
2009-07-19;null;null;null;null;
2009-07-20;null;null;null;null;
2009-07-21;null;null;null;null;
2009-07-22;null;null;null;null;
2009-07-23;null;null;null;null;
2009-07-24;null;null;null;null;
2009-07-25;null;22.4;71.5;.6;
2009-07-26;0;22.1;71.3;.5;
2009-07-27;0;22.1;71.3;.5;
2009-07-28;0;22;74.7;.4;
2009-07-29;.2;22.6;62;.9;
2009-07-30;0;21.2;65.9;.8;
2009-07-31;0;22.4;68.9;.8;
2009-08-01;0;20.8;72.6;.5;
2009-08-02;0;22.3;65;1.1;
2009-08-03;0;24.4;55.4;1.6;
2009-08-04;0;22.7;65.9;1;
2009-08-05;0;21.7;68.7;.7;
2009-08-06;0;23.3;54.6;1.2;
2009-08-07;0;22.7;53.5;.7;
2009-08-08;.2;21.6;62.5;.5;
2009-08-09;0;20.9;57.6;.8;
2009-08-10;0;22;56.2;1;
2009-08-11;0;19.1;73.8;1;
2009-08-12;0;18.8;68.4;1;
2009-08-13;0;19.2;65.8;.8;
2009-08-14;0;18.5;70.4;.6;
2009-08-15;0;19.5;65.9;.3;
2009-08-16;0;20.1;64;.6;
2009-08-17;0;20.7;61.8;.9;
2009-08-18;0;21.9;60.6;.9;
2009-08-19;0;22.7;60.9;1;
2009-08-20;0;21.2;74.4;.4;
2009-08-21;40.6;21.3;80.9;.7;
2009-08-22;3;16.7;78.7;1.2;
2009-08-23;0;18.3;72.8;.3;
2009-08-24;0;20.7;73.9;.8;
2009-08-25;0;20;84.6;.5;
2009-08-26;26.6;17.6;88.1;1;
2009-08-27;null;null;null;null;
2009-08-28;null;null;69.9;null;
2009-08-29;0;20.6;73.4;.7;
2009-08-30;0;20;69.2;.8;
2009-08-31;.2;19.8;66.5;.5;
2009-09-01;0;23;58.4;1.1;
2009-09-02;0;24.5;60.4;.3;
2009-09-03;0;25.3;59.8;.5;
2009-09-04;0;26.6;50.3;1.5;
2009-09-05;0;24.5;72.5;.6;
2009-09-06;.4;24.2;75.5;.8;
2009-09-07;4.4;23.7;74.5;.8;
2009-09-08;0;26.1;57.9;1.6;
2009-09-09;0;24.1;65.4;.6;
2009-09-10;0;23.1;62.8;.5;
2009-09-11;0;21.7;71.5;.7;
2009-09-12;0;22.6;68.3;.4;
2009-09-13;0;24;59;.9;
2009-09-14;0;25.5;51.3;1.8;
2009-09-15;23.4;22.8;72.2;.7;
2009-09-16;0;22.2;71.3;1.1;
2009-09-17;0;23.3;66;1.1;
2009-09-18;0;23.7;67;.7;
2009-09-19;0;26;62.5;.7;
2009-09-20;0;26.5;63.6;1;
2009-09-21;18.2;23.3;76.9;1.2;
2009-09-22;28.8;20.8;82;1.1;
2009-09-23;0;24.2;70.9;.9;
2009-09-24;0;24.4;68.5;1;
2009-09-25;7.6;19.4;79.4;1;
2009-09-26;0;21.2;65.9;.5;
2009-09-27;0;23.4;63.4;.7;
2009-09-28;0;26.3;54.6;1.5;
2009-09-29;0;26.2;64.2;.9;
2009-09-30;23.4;19.8;81.8;1;
2009-10-01;1.6;18;76.1;.9;
2009-10-02;0;22.3;70.9;.4;
2009-10-03;0;23.1;76.8;.7;
2009-10-04;2.6;23.1;76.5;.9;
2009-10-05;0;24.4;69;.6;
2009-10-06;3.8;24.8;67.8;.6;
2009-10-07;null;null;60.5;null;
2009-10-08;1.2;22.4;82.6;.1;
2009-10-09;15;20.9;80.7;.4;
2009-10-10;.2;21.1;73;.6;
2009-10-11;null;null;64.1;null;
2009-10-12;0;23.1;69.6;.4;
2009-10-13;0;23.4;74.5;.7;
2009-10-14;.4;24.7;70.4;.5;
2009-10-15;0;25.8;64.7;.9;
2009-10-16;0;23.7;76.5;.6;
2009-10-17;19.6;22.9;77.8;.5;
2009-10-18;7.4;25.4;72.4;.5;
2009-10-19;0;23.7;80.5;.4;
2009-10-20;20;24.1;73.5;.7;
2009-10-21;21.2;24.9;74.4;.8;
2009-10-22;7.2;23;79.8;.5;
2009-10-23;4;24.1;72;.7;
2009-10-24;0;25;68.2;.7;
2009-10-25;0;25.8;69.1;.9;
2009-10-26;25.4;25;71.7;.2;
2009-10-27;0;23;81.5;.5;
2009-10-28;11.8;21.4;87.4;1.7;
2009-10-29;36.4;21.2;87.7;.9;
2009-10-30;28.6;21;81.8;1.2;
2009-10-31;1;21.3;82.8;1;
2009-11-01;15.2;22.4;83.1;.8;
2009-11-02;2.4;24.6;75;.6;
2009-11-03;8.4;24.8;71.7;.8;
2009-11-04;0;25.2;66.7;.8;
2009-11-05;0;26.2;61.8;.7;
2009-11-06;0;27.1;56.7;.9;
2009-11-07;0;27.5;55.5;1.3;
2009-11-08;0;27.7;54.8;1.1;
2009-11-09;3;25.3;75.2;.5;
2009-11-10;4.2;24.6;80.5;.5;
2009-11-11;26.6;25.7;73;.6;
2009-11-12;0;25.7;74;.8;
2009-11-13;1;25.9;75;.2;
2009-11-14;.2;26.2;64.2;.8;
2009-11-15;0;27.3;59.5;1;
2009-11-16;18.8;25.6;73.9;1.3;
2009-11-17;9.6;22;79.8;.6;
2009-11-18;3;23.1;70.5;.6;
2009-11-19;0;25.3;68.3;.6;
2009-11-20;0;27.3;61.2;.9;
2009-11-21;0;26.3;63.5;.9;
2009-11-22;0;27;59.6;.8;
2009-11-23;0;28.3;46.5;1.6;
2009-11-24;0;26.4;64;.7;
2009-11-25;0;25.1;71.1;.7;
2009-11-26;13;26.1;66.6;.7;
2009-11-27;0;27.2;58.3;1.1;
2009-11-28;19.6;26.1;69.4;.6;
2009-11-29;0;26.1;70.9;.7;
2009-11-30;2;25.6;67.5;1;
2009-12-01;0;26.1;68.6;1.2;
2009-12-02;6.8;26.9;64.9;1.1;
2009-12-03;0;27.2;61.3;1.2;
2009-12-04;9.6;24.1;80.5;.3;
2009-12-05;27;20.4;88.8;.3;
2009-12-06;32.4;21.8;85.9;.2;
2009-12-07;3.2;25.6;73.2;.4;
2009-12-08;.8;25.9;72.9;.7;
2009-12-09;1;23.6;84;.5;
2009-12-10;8.6;24;79.4;.6;
2009-12-11;.6;27;67.5;.5;
2009-12-12;0;26.2;60.1;1;
2009-12-13;0;28.6;55.2;1.4;
2009-12-14;31.2;21.6;84.6;1;
2009-12-15;32;23;78.3;.7;
2009-12-16;0;26;70.1;.5;
2009-12-17;0;26.9;66.3;.7;
2009-12-18;0;23.3;80.2;.4;
2009-12-19;4.2;23.9;74.4;.9;
2009-12-20;0;24.7;68.8;.8;
2009-12-21;0;23.5;74.5;.7;
2009-12-22;11.4;24.4;71.7;.3;
2009-12-23;.8;25.9;66.3;.5;
2009-12-24;0;25.4;71.2;.9;
2009-12-25;6;25.5;70;.9;
2009-12-26;0;26.4;68.2;.7;
2009-12-27;22.8;28;62.8;1.5;
2009-12-28;16;25.7;74.2;1;
2009-12-29;25.2;25.5;74.2;1.3;
2009-12-30;4.4;26.1;72;1;
2009-12-31;35.8;24.1;82.1;.7;
2010-01-01;9;25.9;67.2;1.1;
2010-01-02;0;25.7;61;.8;
2010-01-03;0;26.6;61.8;.7;
2010-01-04;0;25.8;68.2;.9;
2010-01-05;.8;26;68.7;.6;
2010-01-06;8.8;26.1;69.4;.8;
2010-01-07;29;26.5;63;.9;
2010-01-08;0;27.3;65.5;.8;
2010-01-09;2;27.7;63.1;.7;
2010-01-10;0;27;61.8;.7;
2010-01-11;0;27.4;60.7;.9;
2010-01-12;0;27.6;62.5;.8;
2010-01-13;1.2;27.4;62.2;1.1;
2010-01-14;0;28.1;61.5;.8;
2010-01-15;0;25.1;75.7;.8;
2010-01-16;2.4;25.8;72;.9;
2010-01-17;0;26.7;62.3;.5;
2010-01-18;0;26.4;59.6;.6;
2010-01-19;0;27.8;58.5;.9;
2010-01-20;0;27.7;60;.8;
2010-01-21;0;27.8;59.4;.9;
2010-01-22;.2;27;65;.9;
2010-01-23;0;27;62.7;.7;
2010-01-24;0;25.9;67.9;.7;
2010-01-25;0;27;64.7;.7;
2010-01-26;0;27.6;59.8;.8;
2010-01-27;0;27.4;58.7;.9;
2010-01-28;0;26.6;58;.8;
2010-01-29;0;26.5;60.1;.6;
2010-01-30;0;27.2;61.1;.8;
2010-01-31;0;27.1;61.8;.7;
2010-02-01;.4;27.2;60.3;.5;
2010-02-02;0;28;56;.7;
2010-02-03;0;27.2;58.8;.7;
2010-02-04;0;26.2;64.7;.9;
2010-02-05;7;25.6;67.7;.8;
2010-02-06;3;25.2;65.8;.5;
2010-02-07;0;26.6;60.3;.9;
2010-02-08;10.8;27.1;63.2;.6;
2010-02-09;0;27.5;59.3;1;
2010-02-10;4.6;26.3;68;.5;
2010-02-11;0;25.9;67.5;.7;
2010-02-12;.8;26.4;64.2;.5;
2010-02-13;.2;26.6;61.9;.9;
2010-02-14;0;27.2;60.3;.7;
2010-02-15;0;26.9;64.7;.6;
2010-02-16;0;28.4;57.6;1.1;
2010-02-17;0;28.7;58.8;.8;
2010-02-18;15.6;25.8;69.6;1.1;
2010-02-19;0;26.7;64.3;.6;
2010-02-20;0;25.5;72.4;.5;
2010-02-21;4.4;26.5;66;.5;
2010-02-22;0;27.5;60;.6;
2010-02-23;0;28.2;56;.7;
2010-02-24;0;30;48.1;.8;
2010-02-25;0;27.7;61.1;.9;
2010-02-26;14.2;22.4;87.6;.3;
2010-02-27;21.4;22.4;78.3;.4;
2010-02-28;0;23.7;74.9;.4;
2010-03-01;6.6;22.4;83;.7;
2010-03-02;14.6;21;83.6;1;
2010-03-03;1.4;22.5;82.9;.6;
2010-03-04;.8;23.4;84.3;.5;
2010-03-05;65.4;23.4;78.9;1;
2010-03-06;7.2;23.7;79;.6;
2010-03-07;3.2;25.2;78.4;.5;
2010-03-08;.6;27.8;66;.8;
2010-03-09;.4;26.9;68.9;.7;
2010-03-10;.2;26.5;71.3;.6;
2010-03-11;7.6;27.5;64.8;.7;
2010-03-12;27;26.7;70.1;1;
2010-03-13;6;25.9;71.9;1;
2010-03-14;4.2;28.4;62.3;1.1;
2010-03-15;0;26;72.9;.5;
2010-03-16;10.4;23.6;79.6;.4;
2010-03-17;42.4;22.4;82.4;.5;
2010-03-18;3.6;23.9;80;.6;
2010-03-19;1;24.4;72.5;.7;
2010-03-20;0;24.9;70.2;.6;
2010-03-21;29;25.1;72.6;.8;
2010-03-22;6.4;26.4;68;1.1;
2010-03-23;.2;25.2;73.3;.3;
2010-03-24;3.6;26;68.8;.5;
2010-03-25;0;25.8;66.9;.5;
2010-03-26;0;23.5;80.8;.3;
2010-03-27;4;24.1;78.1;.5;
2010-03-28;3.6;25.8;67.8;.6;
2010-03-29;0;26.1;66.7;.5;
2010-03-30;0;25.7;71.8;.8;
2010-03-31;32.8;24.3;80.6;.4;
2010-04-01;11;22.7;87;.2;
2010-04-02;20.6;22.9;82.7;.5;
2010-04-03;4.2;23.6;82.3;.2;
2010-04-04;6.2;24.7;77.3;.3;
2010-04-05;16;23.8;84.3;.6;
2010-04-06;20;23.8;80.7;.7;
2010-04-07;9.2;20.8;72.6;.8;
2010-04-08;.2;18.8;71.8;.6;
2010-04-09;0;19.3;73.8;.4;
2010-04-10;.2;19.2;72;.7;
2010-04-11;0;20.1;73.1;.6;
2010-04-12;0;19.8;76.6;.5;
2010-04-13;2.2;21.5;72.1;.8;
2010-04-14;0;20.9;74.9;.6;
2010-04-15;.2;22.8;72.5;.6;
2010-04-16;0;22.5;75.5;.6;
2010-04-17;.2;24.6;71.8;.5;
2010-04-18;0;24;74.4;.7;
2010-04-19;.2;23.6;73.3;.4;
2010-04-20;0;22.4;76.8;.3;
2010-04-21;.2;23.2;67.4;.6;
2010-04-22;0;24;64.2;.7;
2010-04-23;0;25.5;61;.6;
2010-04-24;0;24.7;71.4;.7;
2010-04-25;0;25;68.5;.5;
2010-04-26;0;24.3;67.9;.6;
2010-04-27;0;26;63;1.2;
2010-04-28;.2;23.4;76;.7;
2010-04-29;.2;22.3;76.2;.6;
2010-04-30;.2;20.6;81.4;.5;
2010-05-01;2;21.2;78.6;.7;
2010-05-02;0;21.8;72.8;.3;
2010-05-03;.2;21.4;71.6;.5;
2010-05-04;0;21;67.6;.3;
2010-05-05;0;21.6;65.5;.8;
2010-05-06;0;22.1;62.5;.4;
2010-05-07;.2;22.5;66.3;.4;
2010-05-08;0;22.9;67;.3;
2010-05-09;0;22.1;73.4;.6;
2010-05-10;26;18.5;87.2;.5;
2010-05-11;11.6;18.5;83.2;.1;
2010-05-12;.2;21.1;75.5;1.2;
2010-05-13;8.4;20.4;78;.5;
2010-05-14;.2;18.1;73.4;.5;
2010-05-15;.2;18.5;74.8;.4;
2010-05-16;.2;19.9;75.6;.4;
2010-05-17;0;20.3;74.7;.7;
2010-05-18;.2;19.9;77.9;0;
2010-05-19;0;21.4;74.1;.4;
2010-05-20;0;22.6;71.6;.6;
2010-05-21;0;19.6;84.5;.5;
2010-05-22;7.8;20.7;81.8;.9;
2010-05-23;0;21.9;77.3;.5;
2010-05-24;0;21.9;77.4;.3;
2010-05-25;0;21.9;79.3;.5;
2010-05-26;0;21.5;78.5;.4;
2010-05-27;.4;19.9;85.7;.4;
2010-05-28;5.6;18.9;83.8;.1;
2010-05-29;.4;18.3;82.5;.4;
2010-05-30;0;20.5;73;1;
2010-05-31;0;22.8;65.5;1.3;
2010-06-01;7.2;18.4;78.2;.5;
2010-06-02;0;17.4;82.9;.2;
2010-06-03;1.2;18.6;79.1;.2;
2010-06-04;0;18.3;77.3;0;
2010-06-05;0;19;70.7;1;
2010-06-06;.2;18.8;74.9;.6;
2010-06-07;0;16.1;73.6;.5;
2010-06-08;.2;17;72.2;.5;
2010-06-09;0;18.2;74;.4;
2010-06-10;0;18.4;73;.3;
2010-06-11;0;18.5;76;.6;
2010-06-12;1.2;16.9;75.3;.8;
2010-06-13;.2;14;77;.3;
2010-06-14;0;16.6;69.4;.4;
2010-06-15;0;16.2;69.9;.3;
2010-06-16;.2;17.8;67.5;.6;
2010-06-17;0;20.4;61.8;.9;
2010-06-18;0;19.3;64.9;.6;
2010-06-19;0;19.4;66.8;.6;
2010-06-20;.2;21.2;55.6;1;
2010-06-21;0;21;57.6;.4;
2010-06-22;0;19.4;69.7;.5;
2010-06-23;0;19.5;79.3;.8;
2010-06-24;0;20;72;.3;
2010-06-25;0;18.6;72.1;.2;
2010-06-26;.2;18.4;69.7;.5;
2010-06-27;0;18.1;72.8;.2;
2010-06-28;0;19.3;68.2;.3;
2010-06-29;0;17.8;68.2;.6;
2010-06-30;.2;16.6;68.9;.3;
2010-07-01;0;17.7;66.3;.5;
2010-07-02;0;18.7;70.8;.5;
2010-07-03;0;18.2;78.3;.5;
2010-07-04;0;18.3;79;.4;
2010-07-05;0;17.9;82.8;.1;
2010-07-06;.2;19.1;69.2;.3;
2010-07-07;0;18.3;62.2;.4;
2010-07-08;0;19.5;63.3;.5;
2010-07-09;0;21.2;65.3;.2;
2010-07-10;0;19.8;81.5;.2;
2010-07-11;22.2;21.1;78.8;.3;
2010-07-12;.2;20.4;74.7;.6;
2010-07-13;0;21.9;64.2;1.1;
2010-07-14;0;22.1;69.4;.7;
2010-07-15;.4;22.1;75.5;.6;
2010-07-16;0;20.8;80;.6;
2010-07-17;0;21;72.4;.9;
2010-07-18;0;18.4;83.1;.7;
2010-07-19;.8;17.9;77.4;.3;
2010-07-20;.2;18.4;74.5;.3;
2010-07-21;0;19;72.5;.2;
2010-07-22;.2;19.3;68.6;.8;
2010-07-23;0;22.3;59;1.5;
2010-07-24;0;20;67.2;.8;
2010-07-25;.6;19.5;71.3;.2;
2010-07-26;0;19.1;62.4;.4;
2010-07-27;0;19;67;.7;
2010-07-28;0;20.8;68.6;.9;
2010-07-29;0;20.1;68.3;.3;
2010-07-30;0;22.6;54.7;1;
2010-07-31;0;20.6;57.7;.7;
2010-08-01;0;20.5;55.9;.9;
2010-08-02;0;19.9;62.1;1.4;
2010-08-03;0;null;79.5;null;
2010-08-04;null;19.2;72.4;.3;
2010-08-05;.2;19.9;68.7;.6;
2010-08-06;0;20.2;69.6;.5;
2010-08-07;0;18.8;71.5;.6;
2010-08-08;0;19.1;70;.7;
2010-08-09;0;22.1;58.8;1;
2010-08-10;0;19.9;70.3;.9;
2010-08-11;0;19;66.1;.8;
2010-08-12;0;19.4;60.2;.4;
2010-08-13;0;19.5;58;1.2;
2010-08-14;0;22.4;51.8;1.5;
2010-08-15;2.8;16.4;83.8;1;
2010-08-16;7.6;15.3;71.9;.8;
2010-08-17;0;15.1;69.9;.9;
2010-08-18;.2;13.5;71.3;.7;
2010-08-19;0;15;66.4;.5;
2010-08-20;.2;17.1;61.1;.7;
2010-08-21;0;18.8;57.5;.9;
2010-08-22;0;18.7;61.7;.7;
2010-08-23;0;20.3;54.9;.8;
2010-08-24;0;20.9;55.3;1.1;
2010-08-25;0;21.5;51;.8;
2010-08-26;0;22.1;50.5;.5;
2010-08-27;0;22.3;49.3;.6;
2010-08-28;0;22.5;51.9;.7;
2010-08-29;0;22;58.2;.6;
2010-08-30;0;23.3;51;1.1;
2010-08-31;0;20.9;63.4;.4;
2010-09-01;0;20;60;.7;
2010-09-02;0;21.3;56.9;.7;
2010-09-03;0;22.6;48.1;.9;
2010-09-04;0;23.3;43.4;1.3;
2010-09-05;0;26.6;34.3;2.4;
2010-09-06;0;21.6;61.9;1.8;
2010-09-07;0;22.1;60.9;1.2;
2010-09-08;4.4;21.3;68.3;1.3;
2010-09-09;0;19.5;64.6;1.1;
2010-09-10;0;20.1;60.8;1.4;
2010-09-11;0;19.2;59.1;.8;
2010-09-12;0;19.7;55.8;.8;
2010-09-13;0;21.7;47.6;1.5;
2010-09-14;0;23.1;49.4;1.2;
2010-09-15;0;25.3;44.3;1.8;
2010-09-16;0;22.4;63.7;.8;
2010-09-17;0;24.8;56.5;1;
2010-09-18;0;24.7;51.8;1.6;
2010-09-19;0;18.5;68.5;2.3;
2010-09-20;0;19.6;64.1;1.2;
2010-09-21;0;22.6;59.9;1.2;

